manifest_line_id,sku_id,category,reefer_required,manifest_quantity,priority_score,priority_band,score_breakdown,max_m2_urgency,num_dcs_requesting,wh_days_of_cover,eta_delay_hours
ML-4A747898,SKU-005,reefer,1,143,99.6,HIGH,Reefer(+40.0) M2(+35.0) WH_Buf(-0.3) ETA(+15.0) Ration(+10.0),100.0,146,0.12,62
ML-07EE9BD9,SKU-002,reefer,1,74,99.4,HIGH,Reefer(+40.0) M2(+35.0) WH_Buf(-0.6) ETA(+15.0) Ration(+10.0),100.0,127,0.21,66
ML-93BD4E0D,SKU-004,reefer,1,320,99.3,HIGH,Reefer(+40.0) M2(+35.0) WH_Buf(-0.5) ETA(+15.0) Ration(+9.8),100.0,118,0.18,67
ML-572C7716,SKU-005,reefer,1,416,99.2,HIGH,Reefer(+40.0) M2(+35.0) WH_Buf(-0.7) ETA(+15.0) Ration(+9.8),100.0,146,0.24,65
ML-F3F6DAF5,SKU-004,reefer,1,366,99.1,HIGH,Reefer(+40.0) M2(+35.0) WH_Buf(-0.7) ETA(+15.0) Ration(+9.8),100.0,118,0.25,68
ML-E0F1170B,SKU-005,reefer,1,414,98.5,HIGH,Reefer(+40.0) M2(+35.0) WH_Buf(-1.4) ETA(+15.0) Ration(+9.8),100.0,146,0.48,63
ML-2F126139,SKU-010,reefer,1,356,96.9,HIGH,Reefer(+40.0) M2(+35.0) WH_Buf(-0.1) ETA(+12.2) Ration(+9.9),100.0,150,0.05,39
ML-6FE33C72,SKU-013,reefer,1,326,95.6,HIGH,Reefer(+40.0) M2(+35.0) WH_Buf(-0.6) ETA(+11.2) Ration(+9.9),100.0,145,0.2,36
ML-86FE5814,SKU-005,reefer,1,284,94.9,HIGH,Reefer(+40.0) M2(+35.0) WH_Buf(-0.0) ETA(+10.0) Ration(+9.9),100.0,146,0.0,32
ML-EAF21119,SKU-010,reefer,1,285,94.1,HIGH,Reefer(+40.0) M2(+35.0) WH_Buf(-5.8) ETA(+15.0) Ration(+9.9),100.0,150,2.04,50
ML-AFBA7FE2,SKU-004,reefer,1,99,92.2,HIGH,Reefer(+40.0) M2(+35.0) WH_Buf(-2.5) ETA(+9.7) Ration(+10.0),100.0,118,0.86,31
ML-F616CF9E,SKU-013,reefer,1,30,92.0,HIGH,Reefer(+40.0) M2(+35.0) WH_Buf(-0.8) ETA(+7.8) Ration(+10.0),100.0,145,0.29,25
ML-391A17CD,SKU-004,reefer,1,107,91.2,HIGH,Reefer(+40.0) M2(+35.0) WH_Buf(-8.8) ETA(+15.0) Ration(+10.0),100.0,118,3.07,59
ML-4568EC09,SKU-013,reefer,1,98,91.1,HIGH,Reefer(+40.0) M2(+35.0) WH_Buf(-8.8) ETA(+15.0) Ration(+10.0),100.0,145,3.09,67
ML-57FA4BBD,SKU-005,reefer,1,496,90.8,HIGH,Reefer(+40.0) M2(+35.0) WH_Buf(-0.0) ETA(+5.9) Ration(+9.8),100.0,146,0.0,19
ML-2DE4682E,SKU-005,reefer,1,493,90.3,HIGH,Reefer(+40.0) M2(+35.0) WH_Buf(-9.5) ETA(+15.0) Ration(+9.8),100.0,146,3.34,58
ML-5F2619B7,SKU-004,reefer,1,155,89.6,HIGH,Reefer(+40.0) M2(+35.0) WH_Buf(-0.0) ETA(+4.7) Ration(+9.9),100.0,118,0.0,15
ML-5DDE0DB3,SKU-005,reefer,1,267,89.5,HIGH,Reefer(+40.0) M2(+35.0) WH_Buf(-5.7) ETA(+10.3) Ration(+9.9),100.0,146,2.0,33
ML-3745D394,SKU-013,reefer,1,319,89.4,HIGH,Reefer(+40.0) M2(+35.0) WH_Buf(-10.5) ETA(+15.0) Ration(+9.9),100.0,145,3.66,52
ML-5FB4CC6A,SKU-004,reefer,1,298,88.2,HIGH,Reefer(+40.0) M2(+35.0) WH_Buf(-7.3) ETA(+10.6) Ration(+9.9),100.0,118,2.55,34
ML-7A1A7727,SKU-013,reefer,1,402,87.7,HIGH,Reefer(+40.0) M2(+35.0) WH_Buf(-0.9) ETA(+3.8) Ration(+9.8),100.0,145,0.3,12
ML-4900A5CE,SKU-004,reefer,1,70,85.0,HIGH,Reefer(+40.0) M2(+35.0) WH_Buf(-0.0) ETA(+0.0) Ration(+10.0),100.0,118,0.0,0
ML-83680850,SKU-010,reefer,1,55,85.0,HIGH,Reefer(+40.0) M2(+35.0) WH_Buf(-0.0) ETA(+0.0) Ration(+10.0),100.0,150,0.0,0
ML-04196BEC,SKU-005,reefer,1,347,84.9,HIGH,Reefer(+40.0) M2(+35.0) WH_Buf(-0.0) ETA(+0.0) Ration(+9.9),100.0,146,0.0,0
ML-978B42B8,SKU-010,reefer,1,453,84.8,HIGH,Reefer(+40.0) M2(+35.0) WH_Buf(-0.0) ETA(+0.0) Ration(+9.8),100.0,150,0.0,0
ML-C5BC922E,SKU-013,reefer,1,194,84.8,HIGH,Reefer(+40.0) M2(+35.0) WH_Buf(-0.1) ETA(+0.0) Ration(+9.9),100.0,145,0.03,0
ML-BD0EA9F0,SKU-013,reefer,1,487,84.7,HIGH,Reefer(+40.0) M2(+35.0) WH_Buf(-0.1) ETA(+0.0) Ration(+9.8),100.0,145,0.05,0
ML-77945947,SKU-010,reefer,1,485,84.7,HIGH,Reefer(+40.0) M2(+35.0) WH_Buf(-0.1) ETA(+0.0) Ration(+9.8),100.0,150,0.04,0
ML-05726DBD,SKU-005,reefer,1,385,84.7,HIGH,Reefer(+40.0) M2(+35.0) WH_Buf(-0.1) ETA(+0.0) Ration(+9.9),100.0,146,0.04,0
ML-EA00F040,SKU-005,reefer,1,165,84.7,HIGH,Reefer(+40.0) M2(+35.0) WH_Buf(-0.3) ETA(+0.0) Ration(+9.9),100.0,146,0.09,0
ML-D40C771A,SKU-004,reefer,1,347,84.6,HIGH,Reefer(+40.0) M2(+35.0) WH_Buf(-0.2) ETA(+0.0) Ration(+9.8),100.0,118,0.07,0
ML-80A68D6E,SKU-013,reefer,1,275,84.6,HIGH,Reefer(+40.0) M2(+35.0) WH_Buf(-0.3) ETA(+0.0) Ration(+9.9),100.0,145,0.11,0
ML-48E0DE15,SKU-005,reefer,1,22,84.6,HIGH,Reefer(+40.0) M2(+35.0) WH_Buf(-0.3) ETA(+0.0) Ration(+10.0),100.0,146,0.12,0
ML-10FE0121,SKU-005,reefer,1,491,84.5,HIGH,Reefer(+40.0) M2(+35.0) WH_Buf(-0.3) ETA(+0.0) Ration(+9.8),100.0,146,0.11,0
ML-7A7516DE,SKU-004,reefer,1,369,84.5,HIGH,Reefer(+40.0) M2(+35.0) WH_Buf(-0.3) ETA(+0.0) Ration(+9.8),100.0,118,0.1,0
ML-E7B00310,SKU-005,reefer,1,319,84.5,HIGH,Reefer(+40.0) M2(+35.0) WH_Buf(-0.4) ETA(+0.0) Ration(+9.9),100.0,146,0.14,0
ML-7F0FD677,SKU-013,reefer,1,495,84.4,HIGH,Reefer(+40.0) M2(+35.0) WH_Buf(-0.5) ETA(+0.0) Ration(+9.8),100.0,145,0.16,0
ML-AC53575C,SKU-005,reefer,1,87,84.4,HIGH,Reefer(+40.0) M2(+35.0) WH_Buf(-0.6) ETA(+0.0) Ration(+10.0),100.0,146,0.21,0
ML-48D81C6D,SKU-002,reefer,1,50,84.4,HIGH,Reefer(+40.0) M2(+35.0) WH_Buf(-0.6) ETA(+0.0) Ration(+10.0),100.0,127,0.21,0
ML-C5688F33,SKU-002,reefer,1,418,84.3,HIGH,Reefer(+40.0) M2(+35.0) WH_Buf(-0.5) ETA(+0.0) Ration(+9.8),100.0,127,0.18,0
ML-6D51BCE9,SKU-002,reefer,1,400,84.3,HIGH,Reefer(+40.0) M2(+35.0) WH_Buf(-0.5) ETA(+0.0) Ration(+9.8),100.0,127,0.17,0
ML-2497123A,SKU-005,reefer,1,401,84.2,HIGH,Reefer(+40.0) M2(+35.0) WH_Buf(-0.7) ETA(+0.0) Ration(+9.9),100.0,146,0.23,0
ML-391226A3,SKU-004,reefer,1,212,84.2,HIGH,Reefer(+40.0) M2(+35.0) WH_Buf(-0.7) ETA(+0.0) Ration(+9.9),100.0,118,0.23,0
ML-25430151,SKU-004,reefer,1,200,84.2,HIGH,Reefer(+40.0) M2(+35.0) WH_Buf(-0.7) ETA(+0.0) Ration(+9.9),100.0,118,0.24,0
ML-80B9E49B,SKU-005,reefer,1,431,84.1,HIGH,Reefer(+40.0) M2(+35.0) WH_Buf(-0.7) ETA(+0.0) Ration(+9.8),100.0,146,0.26,0
ML-3DA49E6C,SKU-004,reefer,1,298,84.1,HIGH,Reefer(+40.0) M2(+35.0) WH_Buf(-0.7) ETA(+0.0) Ration(+9.9),100.0,118,0.26,0
ML-2F1A2DEC,SKU-010,reefer,1,131,84.1,HIGH,Reefer(+40.0) M2(+35.0) WH_Buf(-1.2) ETA(+0.3) Ration(+10.0),100.0,150,0.42,1
ML-C83B15A3,SKU-005,reefer,1,15,84.1,HIGH,Reefer(+40.0) M2(+35.0) WH_Buf(-0.9) ETA(+0.0) Ration(+10.0),100.0,146,0.32,0
ML-6462DF37,SKU-013,reefer,1,193,84.0,HIGH,Reefer(+40.0) M2(+35.0) WH_Buf(-0.9) ETA(+0.0) Ration(+9.9),100.0,145,0.33,0
ML-402A5DA2,SKU-010,reefer,1,153,84.0,HIGH,Reefer(+40.0) M2(+35.0) WH_Buf(-0.9) ETA(+0.0) Ration(+10.0),100.0,150,0.33,0
ML-B6B8987A,SKU-010,reefer,1,310,83.7,HIGH,Reefer(+40.0) M2(+35.0) WH_Buf(-1.2) ETA(+0.0) Ration(+9.9),100.0,150,0.41,0
ML-E8ACC742,SKU-005,reefer,1,74,83.7,HIGH,Reefer(+40.0) M2(+35.0) WH_Buf(-1.3) ETA(+0.0) Ration(+10.0),100.0,146,0.44,0
ML-880ED1BD,SKU-005,reefer,1,152,83.3,HIGH,Reefer(+40.0) M2(+35.0) WH_Buf(-1.7) ETA(+0.0) Ration(+10.0),100.0,146,0.59,0
ML-918F76F2,SKU-004,reefer,1,235,82.7,HIGH,Reefer(+40.0) M2(+35.0) WH_Buf(-2.2) ETA(+0.0) Ration(+9.9),100.0,118,0.77,0
ML-BC22B834,SKU-004,reefer,1,405,82.0,HIGH,Reefer(+40.0) M2(+35.0) WH_Buf(-17.9) ETA(+15.0) Ration(+9.8),100.0,118,6.25,52
ML-C6BB2523,SKU-002,reefer,1,271,80.8,HIGH,Reefer(+40.0) M2(+35.0) WH_Buf(-15.6) ETA(+11.6) Ration(+9.9),100.0,127,5.46,37
ML-EB01F1E6,SKU-004,reefer,1,201,80.7,HIGH,Reefer(+40.0) M2(+35.0) WH_Buf(-9.9) ETA(+5.6) Ration(+9.9),100.0,118,3.45,18
ML-6DE34C46,SKU-002,reefer,1,439,80.3,HIGH,Reefer(+40.0) M2(+35.0) WH_Buf(-9.2) ETA(+4.7) Ration(+9.8),100.0,127,3.22,15
ML-18CAA763,SKU-004,reefer,1,102,80.0,HIGH,Reefer(+40.0) M2(+35.0) WH_Buf(-20.0) ETA(+15.0) Ration(+10.0),100.0,118,7.34,51
ML-CFCF4C48,SKU-004,reefer,1,78,80.0,HIGH,Reefer(+40.0) M2(+35.0) WH_Buf(-20.0) ETA(+15.0) Ration(+10.0),100.0,118,8.46,51
ML-0FE5A794,SKU-010,reefer,1,269,79.9,HIGH,Reefer(+40.0) M2(+35.0) WH_Buf(-20.0) ETA(+15.0) Ration(+9.9),100.0,150,11.26,62
ML-AD81B19E,SKU-010,reefer,1,389,79.8,HIGH,Reefer(+40.0) M2(+35.0) WH_Buf(-12.5) ETA(+7.5) Ration(+9.9),100.0,150,4.39,24
ML-0A248C64,SKU-002,reefer,1,350,79.5,HIGH,Reefer(+40.0) M2(+35.0) WH_Buf(-20.0) ETA(+14.7) Ration(+9.8),100.0,127,7.26,47
ML-B1E7F223,SKU-002,reefer,1,42,79.2,HIGH,Reefer(+40.0) M2(+35.0) WH_Buf(-16.7) ETA(+10.9) Ration(+10.0),100.0,127,5.85,35
ML-404A7033,SKU-010,reefer,1,455,79.1,HIGH,Reefer(+40.0) M2(+35.0) WH_Buf(-5.7) ETA(+0.0) Ration(+9.8),100.0,150,2.0,0
ML-2D395A0A,SKU-004,reefer,1,122,78.4,HIGH,Reefer(+40.0) M2(+35.0) WH_Buf(-6.6) ETA(+0.0) Ration(+9.9),100.0,118,2.3,0
ML-E9B6CF47,SKU-004,reefer,1,199,78.3,HIGH,Reefer(+40.0) M2(+35.0) WH_Buf(-20.0) ETA(+13.4) Ration(+9.9),100.0,118,8.16,43
ML-A68DF423,SKU-002,reefer,1,234,78.2,HIGH,Reefer(+40.0) M2(+35.0) WH_Buf(-6.7) ETA(+0.0) Ration(+9.9),100.0,127,2.35,0
ML-A1858082,SKU-010,reefer,1,71,78.1,HIGH,Reefer(+40.0) M2(+35.0) WH_Buf(-19.1) ETA(+12.2) Ration(+10.0),100.0,150,6.67,39
ML-F20C27C8,SKU-013,reefer,1,226,77.9,HIGH,Reefer(+40.0) M2(+35.0) WH_Buf(-7.1) ETA(+0.0) Ration(+9.9),100.0,145,2.47,0
ML-DAFCB784,SKU-002,reefer,1,466,77.8,HIGH,Reefer(+40.0) M2(+35.0) WH_Buf(-7.0) ETA(+0.0) Ration(+9.8),100.0,127,2.46,0
ML-C0B10DD5,SKU-013,reefer,1,406,77.8,HIGH,Reefer(+40.0) M2(+35.0) WH_Buf(-7.0) ETA(+0.0) Ration(+9.8),100.0,145,2.46,0
ML-921710CA,SKU-013,reefer,1,401,77.7,HIGH,Reefer(+40.0) M2(+35.0) WH_Buf(-7.2) ETA(+0.0) Ration(+9.8),100.0,145,2.51,0
ML-DAB86EDC,SKU-004,reefer,1,463,77.3,HIGH,Reefer(+40.0) M2(+35.0) WH_Buf(-20.0) ETA(+12.5) Ration(+9.8),100.0,118,12.29,40
ML-13BC2035,SKU-013,reefer,1,209,76.8,HIGH,Reefer(+40.0) M2(+35.0) WH_Buf(-8.1) ETA(+0.0) Ration(+9.9),100.0,145,2.84,0
ML-FA65CAC1,SKU-002,reefer,1,200,76.7,HIGH,Reefer(+40.0) M2(+35.0) WH_Buf(-8.3) ETA(+0.0) Ration(+9.9),100.0,127,2.89,0
ML-68C71FF4,SKU-013,reefer,1,436,76.6,HIGH,Reefer(+40.0) M2(+35.0) WH_Buf(-8.2) ETA(+0.0) Ration(+9.8),100.0,145,2.88,0
ML-8AC58A39,SKU-010,reefer,1,280,76.0,HIGH,Reefer(+40.0) M2(+35.0) WH_Buf(-8.9) ETA(+0.0) Ration(+9.9),100.0,150,3.1,0
ML-75FE7EF0,SKU-002,reefer,1,349,75.8,HIGH,Reefer(+40.0) M2(+35.0) WH_Buf(-20.0) ETA(+10.9) Ration(+9.8),100.0,127,9.28,35
ML-554D36B0,SKU-013,reefer,1,241,75.8,HIGH,Reefer(+40.0) M2(+35.0) WH_Buf(-20.0) ETA(+10.9) Ration(+9.9),100.0,145,11.7,35
ML-CD80D5C6,SKU-013,reefer,1,13,75.0,HIGH,Reefer(+40.0) M2(+35.0) WH_Buf(-20.0) ETA(+10.0) Ration(+10.0),100.0,145,13.33,32
ML-0892A600,SKU-010,reefer,1,467,74.8,HIGH,Reefer(+40.0) M2(+35.0) WH_Buf(-20.0) ETA(+10.0) Ration(+9.8),100.0,150,11.59,32
ML-0C2116D1,SKU-005,reefer,1,487,74.5,HIGH,Reefer(+40.0) M2(+35.0) WH_Buf(-10.3) ETA(+0.0) Ration(+9.8),100.0,146,3.6,0
ML-453224EE,SKU-013,reefer,1,450,74.5,HIGH,Reefer(+40.0) M2(+35.0) WH_Buf(-10.3) ETA(+0.0) Ration(+9.8),100.0,145,3.62,0
ML-2439628B,SKU-010,reefer,1,133,74.0,HIGH,Reefer(+40.0) M2(+35.0) WH_Buf(-20.0) ETA(+9.1) Ration(+10.0),100.0,150,9.2,29
ML-1DC87734,SKU-005,reefer,1,495,73.6,HIGH,Reefer(+40.0) M2(+35.0) WH_Buf(-20.0) ETA(+8.8) Ration(+9.8),100.0,146,11.58,28
ML-4AA52464,SKU-002,reefer,1,439,73.6,HIGH,Reefer(+40.0) M2(+35.0) WH_Buf(-20.0) ETA(+8.8) Ration(+9.8),100.0,127,13.41,28
ML-46C5166A,SKU-004,reefer,1,127,72.9,HIGH,Reefer(+40.0) M2(+35.0) WH_Buf(-12.0) ETA(+0.0) Ration(+9.9),100.0,118,4.21,0
ML-645E848F,SKU-010,reefer,1,414,72.7,HIGH,Reefer(+40.0) M2(+35.0) WH_Buf(-12.1) ETA(+0.0) Ration(+9.9),100.0,150,4.24,0
ML-3B64F94E,SKU-005,reefer,1,37,72.4,HIGH,Reefer(+40.0) M2(+35.0) WH_Buf(-12.6) ETA(+0.0) Ration(+10.0),100.0,146,4.4,0
ML-09791153,SKU-013,reefer,1,412,71.1,HIGH,Reefer(+40.0) M2(+35.0) WH_Buf(-20.0) ETA(+6.2) Ration(+9.8),100.0,145,12.71,20
ML-4911A2CF,SKU-013,reefer,1,283,70.9,HIGH,Reefer(+40.0) M2(+35.0) WH_Buf(-14.0) ETA(+0.0) Ration(+9.9),100.0,145,4.89,0
ML-C611E5DD,SKU-005,reefer,1,270,70.2,HIGH,Reefer(+40.0) M2(+35.0) WH_Buf(-14.7) ETA(+0.0) Ration(+9.9),100.0,146,5.16,0
ML-A1AF7900,SKU-004,reefer,1,422,70.1,HIGH,Reefer(+40.0) M2(+35.0) WH_Buf(-20.0) ETA(+5.3) Ration(+9.8),100.0,118,12.7,17
ML-A927443E,SKU-002,reefer,1,344,69.7,MEDIUM,Reefer(+40.0) M2(+35.0) WH_Buf(-15.2) ETA(+0.0) Ration(+9.8),100.0,127,5.31,0
ML-46432E1D,SKU-013,reefer,1,29,69.7,MEDIUM,Reefer(+40.0) M2(+35.0) WH_Buf(-20.0) ETA(+4.7) Ration(+10.0),100.0,145,11.53,15
ML-7898ED22,SKU-013,reefer,1,384,69.5,MEDIUM,Reefer(+40.0) M2(+35.0) WH_Buf(-20.0) ETA(+4.7) Ration(+9.9),100.0,145,9.11,15
ML-C1F057B4,SKU-004,reefer,1,380,69.3,MEDIUM,Reefer(+40.0) M2(+35.0) WH_Buf(-15.5) ETA(+0.0) Ration(+9.8),100.0,118,5.42,0
ML-9937C43E,SKU-002,reefer,1,54,69.0,MEDIUM,Reefer(+40.0) M2(+35.0) WH_Buf(-16.0) ETA(+0.0) Ration(+10.0),100.0,127,5.59,0
ML-973D3B03,SKU-004,reefer,1,288,68.6,MEDIUM,Reefer(+40.0) M2(+35.0) WH_Buf(-20.0) ETA(+3.8) Ration(+9.9),100.0,118,11.29,12
ML-589DF229,SKU-004,reefer,1,139,68.6,MEDIUM,Reefer(+40.0) M2(+35.0) WH_Buf(-16.3) ETA(+0.0) Ration(+9.9),100.0,118,5.71,0
ML-ABEAD238,SKU-013,reefer,1,188,68.4,MEDIUM,Reefer(+40.0) M2(+35.0) WH_Buf(-16.5) ETA(+0.0) Ration(+9.9),100.0,145,5.77,0
ML-B4044D68,SKU-010,reefer,1,480,68.0,MEDIUM,Reefer(+40.0) M2(+35.0) WH_Buf(-20.0) ETA(+3.1) Ration(+9.8),100.0,150,9.59,10
ML-F73054F7,SKU-005,reefer,1,225,67.7,MEDIUM,Reefer(+40.0) M2(+35.0) WH_Buf(-17.2) ETA(+0.0) Ration(+9.9),100.0,146,6.02,0
ML-6931B43E,SKU-002,reefer,1,333,66.5,MEDIUM,Reefer(+40.0) M2(+35.0) WH_Buf(-18.3) ETA(+0.0) Ration(+9.8),100.0,127,6.42,0
ML-4379FC2E,SKU-005,reefer,1,38,66.5,MEDIUM,Reefer(+40.0) M2(+35.0) WH_Buf(-18.5) ETA(+0.0) Ration(+10.0),100.0,146,6.46,0
ML-51AA3023,SKU-013,reefer,1,68,66.1,MEDIUM,Reefer(+40.0) M2(+35.0) WH_Buf(-18.9) ETA(+0.0) Ration(+10.0),100.0,145,6.61,0
ML-88CC4488,SKU-002,reefer,1,397,65.9,MEDIUM,Reefer(+40.0) M2(+35.0) WH_Buf(-18.9) ETA(+0.0) Ration(+9.8),100.0,127,6.62,0
ML-71D4F989,SKU-005,reefer,1,120,65.9,MEDIUM,Reefer(+40.0) M2(+35.0) WH_Buf(-20.0) ETA(+0.9) Ration(+10.0),100.0,146,11.68,3
ML-CAA4010C,SKU-005,reefer,1,230,65.5,MEDIUM,Reefer(+40.0) M2(+35.0) WH_Buf(-19.4) ETA(+0.0) Ration(+9.9),100.0,146,6.78,0
ML-8D9EA5D5,SKU-013,reefer,1,141,65.0,MEDIUM,Reefer(+40.0) M2(+35.0) WH_Buf(-20.0) ETA(+0.0) Ration(+10.0),100.0,145,9.09,0
ML-233ECF92,SKU-010,reefer,1,128,65.0,MEDIUM,Reefer(+40.0) M2(+35.0) WH_Buf(-20.0) ETA(+0.0) Ration(+10.0),100.0,150,11.47,0
ML-D716F942,SKU-010,reefer,1,107,65.0,MEDIUM,Reefer(+40.0) M2(+35.0) WH_Buf(-20.0) ETA(+0.0) Ration(+10.0),100.0,150,10.98,0
ML-FE080946,SKU-004,reefer,1,95,65.0,MEDIUM,Reefer(+40.0) M2(+35.0) WH_Buf(-20.0) ETA(+0.0) Ration(+10.0),100.0,118,11.04,0
ML-2916507E,SKU-013,reefer,1,92,65.0,MEDIUM,Reefer(+40.0) M2(+35.0) WH_Buf(-20.0) ETA(+0.0) Ration(+10.0),100.0,145,13.56,0
ML-F625E1BC,SKU-002,reefer,1,91,65.0,MEDIUM,Reefer(+40.0) M2(+35.0) WH_Buf(-20.0) ETA(+0.0) Ration(+10.0),100.0,127,12.43,0
ML-79DA4F43,SKU-005,reefer,1,83,65.0,MEDIUM,Reefer(+40.0) M2(+35.0) WH_Buf(-20.0) ETA(+0.0) Ration(+10.0),100.0,146,9.56,0
ML-336D7CEE,SKU-010,reefer,1,72,65.0,MEDIUM,Reefer(+40.0) M2(+35.0) WH_Buf(-20.0) ETA(+0.0) Ration(+10.0),100.0,150,8.82,0
ML-1B20C4B3,SKU-002,reefer,1,71,65.0,MEDIUM,Reefer(+40.0) M2(+35.0) WH_Buf(-20.0) ETA(+0.0) Ration(+10.0),100.0,127,7.54,0
ML-99F490D1,SKU-005,reefer,1,71,65.0,MEDIUM,Reefer(+40.0) M2(+35.0) WH_Buf(-20.0) ETA(+0.0) Ration(+10.0),100.0,146,10.72,0
ML-05D8A840,SKU-013,reefer,1,47,65.0,MEDIUM,Reefer(+40.0) M2(+35.0) WH_Buf(-20.0) ETA(+0.0) Ration(+10.0),100.0,145,11.32,0
ML-0A3AD179,SKU-010,reefer,1,45,65.0,MEDIUM,Reefer(+40.0) M2(+35.0) WH_Buf(-20.0) ETA(+0.0) Ration(+10.0),100.0,150,11.04,0
ML-FB750B99,SKU-004,reefer,1,43,65.0,MEDIUM,Reefer(+40.0) M2(+35.0) WH_Buf(-20.0) ETA(+0.0) Ration(+10.0),100.0,118,7.7,0
ML-C7A5988A,SKU-010,reefer,1,37,65.0,MEDIUM,Reefer(+40.0) M2(+35.0) WH_Buf(-20.0) ETA(+0.0) Ration(+10.0),100.0,150,10.93,0
ML-3018E718,SKU-002,reefer,1,26,65.0,MEDIUM,Reefer(+40.0) M2(+35.0) WH_Buf(-20.0) ETA(+0.0) Ration(+10.0),100.0,127,10.63,0
ML-3B24F8F5,SKU-004,reefer,1,24,65.0,MEDIUM,Reefer(+40.0) M2(+35.0) WH_Buf(-20.0) ETA(+0.0) Ration(+10.0),100.0,118,10.89,0
ML-A8CB834B,SKU-010,reefer,1,17,65.0,MEDIUM,Reefer(+40.0) M2(+35.0) WH_Buf(-20.0) ETA(+0.0) Ration(+10.0),100.0,150,8.93,0
ML-220BAF86,SKU-005,reefer,1,13,65.0,MEDIUM,Reefer(+40.0) M2(+35.0) WH_Buf(-20.0) ETA(+0.0) Ration(+10.0),100.0,146,8.03,0
ML-346482BF,SKU-005,reefer,1,395,64.9,MEDIUM,Reefer(+40.0) M2(+35.0) WH_Buf(-20.0) ETA(+0.0) Ration(+9.9),100.0,146,7.46,0
ML-F7684C74,SKU-010,reefer,1,354,64.9,MEDIUM,Reefer(+40.0) M2(+35.0) WH_Buf(-20.0) ETA(+0.0) Ration(+9.9),100.0,150,7.42,0
ML-787DA2CA,SKU-013,reefer,1,318,64.9,MEDIUM,Reefer(+40.0) M2(+35.0) WH_Buf(-19.9) ETA(+0.0) Ration(+9.9),100.0,145,6.98,0
ML-A64A2C19,SKU-005,reefer,1,304,64.9,MEDIUM,Reefer(+40.0) M2(+35.0) WH_Buf(-20.0) ETA(+0.0) Ration(+9.9),100.0,146,13.71,0
ML-41556491,SKU-004,reefer,1,298,64.9,MEDIUM,Reefer(+40.0) M2(+35.0) WH_Buf(-20.0) ETA(+0.0) Ration(+9.9),100.0,118,11.9,0
ML-68D287D5,SKU-004,reefer,1,279,64.9,MEDIUM,Reefer(+40.0) M2(+35.0) WH_Buf(-20.0) ETA(+0.0) Ration(+9.9),100.0,118,8.83,0
ML-7FB2C8FE,SKU-010,reefer,1,268,64.9,MEDIUM,Reefer(+40.0) M2(+35.0) WH_Buf(-20.0) ETA(+0.0) Ration(+9.9),100.0,150,9.55,0
ML-E160020A,SKU-002,reefer,1,267,64.9,MEDIUM,Reefer(+40.0) M2(+35.0) WH_Buf(-20.0) ETA(+0.0) Ration(+9.9),100.0,127,11.8,0
ML-11BD46A4,SKU-002,reefer,1,248,64.9,MEDIUM,Reefer(+40.0) M2(+35.0) WH_Buf(-20.0) ETA(+0.0) Ration(+9.9),100.0,127,9.36,0
ML-F53AD549,SKU-013,reefer,1,233,64.9,MEDIUM,Reefer(+40.0) M2(+35.0) WH_Buf(-20.0) ETA(+0.0) Ration(+9.9),100.0,145,8.82,0
ML-56F2238F,SKU-004,reefer,1,232,64.9,MEDIUM,Reefer(+40.0) M2(+35.0) WH_Buf(-20.0) ETA(+0.0) Ration(+9.9),100.0,118,7.91,0
ML-146DF6C2,SKU-004,reefer,1,230,64.9,MEDIUM,Reefer(+40.0) M2(+35.0) WH_Buf(-20.0) ETA(+0.0) Ration(+9.9),100.0,118,7.1,0
ML-0A9922BB,SKU-013,reefer,1,219,64.9,MEDIUM,Reefer(+40.0) M2(+35.0) WH_Buf(-20.0) ETA(+0.0) Ration(+9.9),100.0,145,12.5,0
ML-934E688F,SKU-004,reefer,1,207,64.9,MEDIUM,Reefer(+40.0) M2(+35.0) WH_Buf(-20.0) ETA(+0.0) Ration(+9.9),100.0,118,11.34,0
ML-E59B297C,SKU-002,reefer,1,202,64.9,MEDIUM,Reefer(+40.0) M2(+35.0) WH_Buf(-20.0) ETA(+0.0) Ration(+9.9),100.0,127,10.18,0
ML-DC8F7E90,SKU-005,reefer,1,181,64.9,MEDIUM,Reefer(+40.0) M2(+35.0) WH_Buf(-20.0) ETA(+0.0) Ration(+9.9),100.0,146,9.72,0
ML-F7BA4E2D,SKU-013,reefer,1,168,64.9,MEDIUM,Reefer(+40.0) M2(+35.0) WH_Buf(-20.0) ETA(+0.0) Ration(+9.9),100.0,145,9.21,0
ML-2F47EB1C,SKU-010,reefer,1,165,64.9,MEDIUM,Reefer(+40.0) M2(+35.0) WH_Buf(-20.0) ETA(+0.0) Ration(+9.9),100.0,150,13.66,0
ML-1EA75B13,SKU-004,reefer,1,154,64.9,MEDIUM,Reefer(+40.0) M2(+35.0) WH_Buf(-20.0) ETA(+0.0) Ration(+9.9),100.0,118,11.02,0
ML-383DFB0A,SKU-002,reefer,1,124,64.9,MEDIUM,Reefer(+40.0) M2(+35.0) WH_Buf(-20.0) ETA(+0.0) Ration(+9.9),100.0,127,10.37,0
ML-A8DCB72A,SKU-013,reefer,1,496,64.8,MEDIUM,Reefer(+40.0) M2(+35.0) WH_Buf(-20.0) ETA(+0.0) Ration(+9.8),100.0,145,10.73,0
ML-C09FCFAF,SKU-002,reefer,1,487,64.8,MEDIUM,Reefer(+40.0) M2(+35.0) WH_Buf(-20.0) ETA(+0.0) Ration(+9.8),100.0,127,9.18,0
ML-A2231BE8,SKU-005,reefer,1,483,64.8,MEDIUM,Reefer(+40.0) M2(+35.0) WH_Buf(-20.0) ETA(+0.0) Ration(+9.8),100.0,146,10.35,0
ML-5A0D4A95,SKU-010,reefer,1,481,64.8,MEDIUM,Reefer(+40.0) M2(+35.0) WH_Buf(-20.0) ETA(+0.0) Ration(+9.8),100.0,150,12.77,0
ML-848A6790,SKU-005,reefer,1,473,64.8,MEDIUM,Reefer(+40.0) M2(+35.0) WH_Buf(-20.0) ETA(+0.0) Ration(+9.8),100.0,146,10.79,0
ML-0E9434FD,SKU-005,reefer,1,471,64.8,MEDIUM,Reefer(+40.0) M2(+35.0) WH_Buf(-20.0) ETA(+0.0) Ration(+9.8),100.0,146,9.21,0
ML-0B8A8E64,SKU-002,reefer,1,460,64.8,MEDIUM,Reefer(+40.0) M2(+35.0) WH_Buf(-20.0) ETA(+0.0) Ration(+9.8),100.0,127,11.28,0
ML-FB4EC1E3,SKU-013,reefer,1,457,64.8,MEDIUM,Reefer(+40.0) M2(+35.0) WH_Buf(-20.0) ETA(+0.0) Ration(+9.8),100.0,145,13.6,0
ML-07908415,SKU-005,reefer,1,452,64.8,MEDIUM,Reefer(+40.0) M2(+35.0) WH_Buf(-20.0) ETA(+0.0) Ration(+9.8),100.0,146,7.29,0
ML-9C3E9EB6,SKU-002,reefer,1,447,64.8,MEDIUM,Reefer(+40.0) M2(+35.0) WH_Buf(-20.0) ETA(+0.0) Ration(+9.8),100.0,127,12.23,0
ML-2FBA0E1F,SKU-004,reefer,1,390,64.8,MEDIUM,Reefer(+40.0) M2(+35.0) WH_Buf(-20.0) ETA(+0.0) Ration(+9.8),100.0,118,10.22,0
ML-26AD37E4,SKU-002,reefer,1,370,64.8,MEDIUM,Reefer(+40.0) M2(+35.0) WH_Buf(-20.0) ETA(+0.0) Ration(+9.8),100.0,127,8.61,0
ML-1F66E9E6,SKU-004,reefer,1,329,64.8,MEDIUM,Reefer(+40.0) M2(+35.0) WH_Buf(-20.0) ETA(+0.0) Ration(+9.8),100.0,118,10.15,0
ML-ED41145C,SKU-002,reefer,1,323,64.8,MEDIUM,Reefer(+40.0) M2(+35.0) WH_Buf(-20.0) ETA(+0.0) Ration(+9.8),100.0,127,11.9,0
ML-DA091E04,SKU-006,antibiotic,0,280,59.9,MEDIUM,Reefer(+0.0) M2(+35.0) WH_Buf(-0.0) ETA(+15.0) Ration(+9.9),100.0,151,0.0,60
ML-57F6B778,SKU-001,cardiac,0,451,59.8,MEDIUM,Reefer(+0.0) M2(+35.0) WH_Buf(-0.1) ETA(+15.0) Ration(+9.8),100.0,160,0.02,56
ML-F6F7CC28,SKU-007,antiviral,0,183,59.8,MEDIUM,Reefer(+0.0) M2(+35.0) WH_Buf(-0.1) ETA(+15.0) Ration(+9.9),100.0,145,0.03,66
ML-89680CA7,SKU-001,cardiac,0,221,59.7,MEDIUM,Reefer(+0.0) M2(+35.0) WH_Buf(-0.2) ETA(+15.0) Ration(+9.9),100.0,160,0.06,69
ML-A62C08A0,SKU-014,antibiotic,0,312,59.4,MEDIUM,Reefer(+0.0) M2(+35.0) WH_Buf(-0.5) ETA(+15.0) Ration(+9.9),100.0,133,0.18,71
ML-C6D499A5,SKU-015,cardiac,0,250,59.4,MEDIUM,Reefer(+0.0) M2(+35.0) WH_Buf(-0.5) ETA(+15.0) Ration(+9.9),100.0,152,0.18,50
ML-4D58D8C5,SKU-011,cardiac,0,54,59.4,MEDIUM,Reefer(+0.0) M2(+35.0) WH_Buf(-0.6) ETA(+15.0) Ration(+10.0),100.0,145,0.22,51
ML-DE24B43E,SKU-006,antibiotic,0,426,59.2,MEDIUM,Reefer(+0.0) M2(+35.0) WH_Buf(-0.6) ETA(+15.0) Ration(+9.9),100.0,151,0.22,48
ML-E50E4806,SKU-015,cardiac,0,487,59.1,MEDIUM,Reefer(+0.0) M2(+35.0) WH_Buf(-0.7) ETA(+15.0) Ration(+9.8),100.0,152,0.25,60
ML-27624461,SKU-014,antibiotic,0,219,58.4,MEDIUM,Reefer(+0.0) M2(+35.0) WH_Buf(-1.5) ETA(+15.0) Ration(+9.9),100.0,133,0.53,70
ML-AA5C16E2,SKU-009,antiviral,0,108,58.4,MEDIUM,Reefer(+0.0) M2(+35.0) WH_Buf(-1.5) ETA(+15.0) Ration(+10.0),100.0,134,0.54,69
ML-46146062,SKU-008,antiviral,0,472,58.2,MEDIUM,Reefer(+0.0) M2(+35.0) WH_Buf(-1.6) ETA(+15.0) Ration(+9.8),100.0,154,0.56,62
ML-BF363F22,SKU-001,cardiac,0,386,57.6,MEDIUM,Reefer(+0.0) M2(+35.0) WH_Buf(-0.7) ETA(+13.4) Ration(+9.9),100.0,160,0.25,43
ML-23396D18,SKU-011,cardiac,0,126,57.3,MEDIUM,Reefer(+0.0) M2(+35.0) WH_Buf(-0.4) ETA(+12.8) Ration(+10.0),100.0,145,0.15,41
ML-6B09F386,SKU-014,antibiotic,0,231,57.1,MEDIUM,Reefer(+0.0) M2(+35.0) WH_Buf(-0.6) ETA(+12.8) Ration(+9.9),100.0,133,0.22,41
ML-2D2760FB,SKU-003,antiviral,0,179,57.1,MEDIUM,Reefer(+0.0) M2(+35.0) WH_Buf(-0.1) ETA(+12.2) Ration(+9.9),100.0,134,0.02,39
ML-CFE96693,SKU-014,antibiotic,0,247,56.6,MEDIUM,Reefer(+0.0) M2(+35.0) WH_Buf(-0.5) ETA(+12.2) Ration(+9.9),100.0,133,0.18,39
ML-1DCF44E4,SKU-009,antiviral,0,174,56.4,MEDIUM,Reefer(+0.0) M2(+35.0) WH_Buf(-0.1) ETA(+11.6) Ration(+9.9),100.0,134,0.04,37
ML-387A5DD1,SKU-007,antiviral,0,146,55.9,MEDIUM,Reefer(+0.0) M2(+35.0) WH_Buf(-1.3) ETA(+12.2) Ration(+10.0),100.0,145,0.44,39
ML-0AACC9B3,SKU-009,antiviral,0,353,55.5,MEDIUM,Reefer(+0.0) M2(+35.0) WH_Buf(-0.3) ETA(+10.9) Ration(+9.9),100.0,134,0.09,35
ML-724503FC,SKU-007,antiviral,0,199,53.7,MEDIUM,Reefer(+0.0) M2(+35.0) WH_Buf(-0.6) ETA(+9.4) Ration(+9.9),100.0,145,0.2,30
ML-96D7A2B3,SKU-001,cardiac,0,394,53.2,MEDIUM,Reefer(+0.0) M2(+35.0) WH_Buf(-1.6) ETA(+10.0) Ration(+9.9),100.0,160,0.57,32
ML-F474E1E0,SKU-011,cardiac,0,36,52.9,MEDIUM,Reefer(+0.0) M2(+35.0) WH_Buf(-6.7) ETA(+14.7) Ration(+10.0),100.0,145,2.36,47
ML-92339D34,SKU-001,cardiac,0,35,52.6,MEDIUM,Reefer(+0.0) M2(+35.0) WH_Buf(-6.7) ETA(+14.4) Ration(+10.0),100.0,160,2.36,46
ML-B2C53533,SKU-014,antibiotic,0,299,52.4,MEDIUM,Reefer(+0.0) M2(+35.0) WH_Buf(-7.5) ETA(+15.0) Ration(+9.9),100.0,133,2.63,57
ML-105F15B0,SKU-003,antiviral,0,186,52.4,MEDIUM,Reefer(+0.0) M2(+35.0) WH_Buf(-0.0) ETA(+7.5) Ration(+9.9),100.0,134,0.0,24
ML-0CC2F078,SKU-007,antiviral,0,294,51.7,MEDIUM,Reefer(+0.0) M2(+35.0) WH_Buf(-0.1) ETA(+6.9) Ration(+9.9),100.0,145,0.03,22
ML-7DB92E20,SKU-008,antiviral,0,434,51.4,MEDIUM,Reefer(+0.0) M2(+35.0) WH_Buf(-8.4) ETA(+15.0) Ration(+9.9),100.0,154,2.95,65
ML-A98C9B33,SKU-015,cardiac,0,320,50.5,MEDIUM,Reefer(+0.0) M2(+35.0) WH_Buf(-0.4) ETA(+5.9) Ration(+9.9),100.0,152,0.13,19
ML-69475F4A,SKU-008,antiviral,0,353,50.3,MEDIUM,Reefer(+0.0) M2(+35.0) WH_Buf(-9.6) ETA(+15.0) Ration(+9.9),100.0,154,3.37,51
ML-786D19DA,SKU-014,antibiotic,0,488,49.6,MEDIUM,Reefer(+0.0) M2(+35.0) WH_Buf(-9.3) ETA(+14.1) Ration(+9.8),100.0,133,3.26,45
ML-E620AB2C,SKU-011,cardiac,0,243,49.6,MEDIUM,Reefer(+0.0) M2(+35.0) WH_Buf(-6.9) ETA(+11.6) Ration(+9.9),100.0,145,2.4,37
ML-7EE76D9D,SKU-015,cardiac,0,231,48.3,MEDIUM,Reefer(+0.0) M2(+35.0) WH_Buf(-11.6) ETA(+15.0) Ration(+9.9),100.0,152,4.06,68
ML-22C224DC,SKU-001,cardiac,0,369,48.1,MEDIUM,Reefer(+0.0) M2(+35.0) WH_Buf(-6.8) ETA(+10.0) Ration(+9.9),100.0,160,2.38,32
ML-E0D18839,SKU-003,antiviral,0,13,47.7,MEDIUM,Reefer(+0.0) M2(+35.0) WH_Buf(-11.7) ETA(+14.4) Ration(+10.0),100.0,134,4.1,46
ML-BE6266D9,SKU-011,cardiac,0,485,47.5,MEDIUM,Reefer(+0.0) M2(+35.0) WH_Buf(-0.1) ETA(+2.8) Ration(+9.8),100.0,145,0.04,9
ML-7804BD52,SKU-006,antibiotic,0,349,46.6,MEDIUM,Reefer(+0.0) M2(+35.0) WH_Buf(-0.8) ETA(+2.5) Ration(+9.9),100.0,151,0.28,8
ML-1B6C7AFE,SKU-009,antiviral,0,255,46.2,MEDIUM,Reefer(+0.0) M2(+35.0) WH_Buf(-10.3) ETA(+11.6) Ration(+9.9),100.0,134,3.59,37
ML-2C1C6FDF,SKU-014,antibiotic,0,219,46.2,MEDIUM,Reefer(+0.0) M2(+35.0) WH_Buf(-0.3) ETA(+1.6) Ration(+9.9),100.0,133,0.09,5
ML-A510A3D6,SKU-007,antiviral,0,333,46.0,MEDIUM,Reefer(+0.0) M2(+35.0) WH_Buf(-13.9) ETA(+15.0) Ration(+9.9),100.0,145,4.86,69
ML-1DDE9B37,SKU-007,antiviral,0,456,45.5,MEDIUM,Reefer(+0.0) M2(+35.0) WH_Buf(-14.3) ETA(+15.0) Ration(+9.8),100.0,145,5.0,68
ML-4594CB2B,SKU-014,antibiotic,0,175,45.4,MEDIUM,Reefer(+0.0) M2(+35.0) WH_Buf(-0.5) ETA(+0.9) Ration(+9.9),100.0,133,0.18,3
ML-F20EDBA5,SKU-014,antibiotic,0,33,45.1,MEDIUM,Reefer(+0.0) M2(+35.0) WH_Buf(-14.9) ETA(+15.0) Ration(+10.0),100.0,133,5.22,49
ML-FA34F245,SKU-014,antibiotic,0,86,45.0,MEDIUM,Reefer(+0.0) M2(+35.0) WH_Buf(-0.0) ETA(+0.0) Ration(+10.0),100.0,133,0.0,0
ML-B72E9DAE,SKU-008,antiviral,0,431,44.9,MEDIUM,Reefer(+0.0) M2(+35.0) WH_Buf(-0.0) ETA(+0.0) Ration(+9.9),100.0,154,0.0,0
ML-08C2B6A3,SKU-009,antiviral,0,261,44.9,MEDIUM,Reefer(+0.0) M2(+35.0) WH_Buf(-0.0) ETA(+0.0) Ration(+9.9),100.0,134,0.0,0
ML-0FCC4310,SKU-012,antiviral,0,185,44.9,MEDIUM,Reefer(+0.0) M2(+35.0) WH_Buf(-0.0) ETA(+0.0) Ration(+9.9),100.0,151,0.0,0
ML-236FC3FA,SKU-014,antibiotic,0,128,44.9,MEDIUM,Reefer(+0.0) M2(+35.0) WH_Buf(-0.1) ETA(+0.0) Ration(+10.0),100.0,133,0.02,0
ML-F22FEC38,SKU-008,antiviral,0,109,44.9,MEDIUM,Reefer(+0.0) M2(+35.0) WH_Buf(-0.1) ETA(+0.0) Ration(+10.0),100.0,154,0.02,0
ML-1A0EDF5F,SKU-003,antiviral,0,105,44.9,MEDIUM,Reefer(+0.0) M2(+35.0) WH_Buf(-0.1) ETA(+0.0) Ration(+10.0),100.0,134,0.03,0
ML-02AA471B,SKU-006,antibiotic,0,67,44.9,MEDIUM,Reefer(+0.0) M2(+35.0) WH_Buf(-0.1) ETA(+0.0) Ration(+10.0),100.0,151,0.02,0
ML-051C65F1,SKU-008,antiviral,0,452,44.8,MEDIUM,Reefer(+0.0) M2(+35.0) WH_Buf(-0.0) ETA(+0.0) Ration(+9.8),100.0,154,0.0,0
ML-BD8BC437,SKU-006,antibiotic,0,337,44.8,MEDIUM,Reefer(+0.0) M2(+35.0) WH_Buf(-0.1) ETA(+0.0) Ration(+9.9),100.0,151,0.03,0
ML-3F98D6A6,SKU-006,antibiotic,0,298,44.8,MEDIUM,Reefer(+0.0) M2(+35.0) WH_Buf(-0.1) ETA(+0.0) Ration(+9.9),100.0,151,0.04,0
ML-EB67B5AB,SKU-012,antiviral,0,181,44.8,MEDIUM,Reefer(+0.0) M2(+35.0) WH_Buf(-0.1) ETA(+0.0) Ration(+9.9),100.0,151,0.04,0
ML-AE9CF982,SKU-001,cardiac,0,142,44.8,MEDIUM,Reefer(+0.0) M2(+35.0) WH_Buf(-0.1) ETA(+0.0) Ration(+10.0),100.0,160,0.04,0
ML-0E9DCA3E,SKU-012,antiviral,0,456,44.7,MEDIUM,Reefer(+0.0) M2(+35.0) WH_Buf(-0.1) ETA(+0.0) Ration(+9.8),100.0,151,0.03,0
ML-E67601BA,SKU-012,antiviral,0,376,44.7,MEDIUM,Reefer(+0.0) M2(+35.0) WH_Buf(-0.2) ETA(+0.0) Ration(+9.9),100.0,151,0.07,0
ML-5B26EEF4,SKU-011,cardiac,0,335,44.7,MEDIUM,Reefer(+0.0) M2(+35.0) WH_Buf(-0.2) ETA(+0.0) Ration(+9.9),100.0,145,0.07,0
ML-77C368AF,SKU-012,antiviral,0,295,44.7,MEDIUM,Reefer(+0.0) M2(+35.0) WH_Buf(-0.1) ETA(+0.0) Ration(+9.9),100.0,151,0.05,0
ML-6463D305,SKU-008,antiviral,0,232,44.7,MEDIUM,Reefer(+0.0) M2(+35.0) WH_Buf(-0.3) ETA(+0.0) Ration(+9.9),100.0,154,0.09,0
ML-D452FFA9,SKU-009,antiviral,0,126,44.7,MEDIUM,Reefer(+0.0) M2(+35.0) WH_Buf(-0.3) ETA(+0.0) Ration(+10.0),100.0,134,0.09,0
ML-4272C790,SKU-012,antiviral,0,117,44.7,MEDIUM,Reefer(+0.0) M2(+35.0) WH_Buf(-0.3) ETA(+0.0) Ration(+10.0),100.0,151,0.09,0
ML-44F9BFEF,SKU-006,antibiotic,0,79,44.7,MEDIUM,Reefer(+0.0) M2(+35.0) WH_Buf(-1.3) ETA(+0.9) Ration(+10.0),100.0,151,0.44,3
ML-1753DD06,SKU-011,cardiac,0,469,44.6,MEDIUM,Reefer(+0.0) M2(+35.0) WH_Buf(-0.2) ETA(+0.0) Ration(+9.8),100.0,145,0.08,0
ML-C075695D,SKU-008,antiviral,0,420,44.6,MEDIUM,Reefer(+0.0) M2(+35.0) WH_Buf(-0.2) ETA(+0.0) Ration(+9.9),100.0,154,0.08,0
ML-D1E75CD1,SKU-006,antibiotic,0,415,44.6,MEDIUM,Reefer(+0.0) M2(+35.0) WH_Buf(-0.2) ETA(+0.0) Ration(+9.9),100.0,151,0.08,0
ML-E9DC6D7F,SKU-003,antiviral,0,320,44.6,MEDIUM,Reefer(+0.0) M2(+35.0) WH_Buf(-0.3) ETA(+0.0) Ration(+9.9),100.0,134,0.09,0
ML-200DB0E0,SKU-006,antibiotic,0,271,44.6,MEDIUM,Reefer(+0.0) M2(+35.0) WH_Buf(-0.3) ETA(+0.0) Ration(+9.9),100.0,151,0.11,0
ML-6809903A,SKU-014,antibiotic,0,133,44.6,MEDIUM,Reefer(+0.0) M2(+35.0) WH_Buf(-0.4) ETA(+0.0) Ration(+10.0),100.0,133,0.13,0
ML-0516BAF9,SKU-008,antiviral,0,238,44.5,MEDIUM,Reefer(+0.0) M2(+35.0) WH_Buf(-0.4) ETA(+0.0) Ration(+9.9),100.0,154,0.15,0
ML-217CB7A6,SKU-006,antibiotic,0,207,44.5,MEDIUM,Reefer(+0.0) M2(+35.0) WH_Buf(-0.4) ETA(+0.0) Ration(+9.9),100.0,151,0.14,0
ML-04A2E507,SKU-007,antiviral,0,463,44.4,MEDIUM,Reefer(+0.0) M2(+35.0) WH_Buf(-0.5) ETA(+0.0) Ration(+9.8),100.0,145,0.16,0
ML-B1201466,SKU-009,antiviral,0,214,44.4,MEDIUM,Reefer(+0.0) M2(+35.0) WH_Buf(-0.5) ETA(+0.0) Ration(+9.9),100.0,134,0.18,0
ML-BB2622CB,SKU-007,antiviral,0,167,44.4,MEDIUM,Reefer(+0.0) M2(+35.0) WH_Buf(-0.5) ETA(+0.0) Ration(+9.9),100.0,145,0.18,0
ML-4A8F8985,SKU-012,antiviral,0,36,44.4,MEDIUM,Reefer(+0.0) M2(+35.0) WH_Buf(-0.6) ETA(+0.0) Ration(+10.0),100.0,151,0.21,0
ML-9DC50D8E,SKU-003,antiviral,0,492,44.3,MEDIUM,Reefer(+0.0) M2(+35.0) WH_Buf(-0.5) ETA(+0.0) Ration(+9.8),100.0,134,0.17,0
ML-314B60AE,SKU-006,antibiotic,0,473,44.3,MEDIUM,Reefer(+0.0) M2(+35.0) WH_Buf(-0.5) ETA(+0.0) Ration(+9.8),100.0,151,0.19,0
ML-D4D71FDF,SKU-012,antiviral,0,211,44.3,MEDIUM,Reefer(+0.0) M2(+35.0) WH_Buf(-0.6) ETA(+0.0) Ration(+9.9),100.0,151,0.22,0
ML-6B54400F,SKU-015,cardiac,0,164,44.3,MEDIUM,Reefer(+0.0) M2(+35.0) WH_Buf(-0.7) ETA(+0.0) Ration(+9.9),100.0,152,0.23,0
ML-41152CDF,SKU-014,antibiotic,0,156,44.3,MEDIUM,Reefer(+0.0) M2(+35.0) WH_Buf(-0.6) ETA(+0.0) Ration(+9.9),100.0,133,0.22,0
ML-D6C68A9A,SKU-008,antiviral,0,151,44.3,MEDIUM,Reefer(+0.0) M2(+35.0) WH_Buf(-0.6) ETA(+0.0) Ration(+10.0),100.0,154,0.22,0
ML-D88390B2,SKU-009,antiviral,0,99,44.3,MEDIUM,Reefer(+0.0) M2(+35.0) WH_Buf(-0.7) ETA(+0.0) Ration(+10.0),100.0,134,0.24,0
ML-CA3A0CD2,SKU-012,antiviral,0,433,44.2,MEDIUM,Reefer(+0.0) M2(+35.0) WH_Buf(-0.7) ETA(+0.0) Ration(+9.8),100.0,151,0.23,0
ML-877BD8BF,SKU-012,antiviral,0,344,44.2,MEDIUM,Reefer(+0.0) M2(+35.0) WH_Buf(-0.7) ETA(+0.0) Ration(+9.9),100.0,151,0.23,0
ML-84A5ACDC,SKU-008,antiviral,0,302,44.2,MEDIUM,Reefer(+0.0) M2(+35.0) WH_Buf(-0.7) ETA(+0.0) Ration(+9.9),100.0,154,0.24,0
ML-263CAB96,SKU-011,cardiac,0,201,44.2,MEDIUM,Reefer(+0.0) M2(+35.0) WH_Buf(-0.7) ETA(+0.0) Ration(+9.9),100.0,145,0.24,0
ML-6BD6A670,SKU-003,antiviral,0,198,44.2,MEDIUM,Reefer(+0.0) M2(+35.0) WH_Buf(-0.7) ETA(+0.0) Ration(+9.9),100.0,134,0.25,0
ML-55A343B7,SKU-001,cardiac,0,378,44.1,MEDIUM,Reefer(+0.0) M2(+35.0) WH_Buf(-0.8) ETA(+0.0) Ration(+9.9),100.0,160,0.27,0
ML-046888A3,SKU-011,cardiac,0,452,44.0,MEDIUM,Reefer(+0.0) M2(+35.0) WH_Buf(-0.8) ETA(+0.0) Ration(+9.8),100.0,145,0.28,0
ML-8F47D14C,SKU-012,antiviral,0,279,44.0,MEDIUM,Reefer(+0.0) M2(+35.0) WH_Buf(-0.9) ETA(+0.0) Ration(+9.9),100.0,151,0.31,0
ML-57A21621,SKU-003,antiviral,0,225,44.0,MEDIUM,Reefer(+0.0) M2(+35.0) WH_Buf(-0.9) ETA(+0.0) Ration(+9.9),100.0,134,0.31,0
ML-D554A47D,SKU-009,antiviral,0,175,44.0,MEDIUM,Reefer(+0.0) M2(+35.0) WH_Buf(-0.9) ETA(+0.0) Ration(+9.9),100.0,134,0.33,0
ML-10386AA4,SKU-006,antibiotic,0,209,43.9,MEDIUM,Reefer(+0.0) M2(+35.0) WH_Buf(-1.1) ETA(+0.0) Ration(+9.9),100.0,151,0.37,0
ML-1A6EABD6,SKU-003,antiviral,0,156,43.8,MEDIUM,Reefer(+0.0) M2(+35.0) WH_Buf(-1.1) ETA(+0.0) Ration(+9.9),100.0,134,0.39,0
ML-7391CCD4,SKU-003,antiviral,0,286,43.7,MEDIUM,Reefer(+0.0) M2(+35.0) WH_Buf(-1.1) ETA(+0.0) Ration(+9.9),100.0,134,0.4,0
ML-F86C8CA4,SKU-007,antiviral,0,170,43.7,MEDIUM,Reefer(+0.0) M2(+35.0) WH_Buf(-1.2) ETA(+0.0) Ration(+9.9),100.0,145,0.42,0
ML-3A2537B8,SKU-006,antibiotic,0,478,43.6,MEDIUM,Reefer(+0.0) M2(+35.0) WH_Buf(-1.2) ETA(+0.0) Ration(+9.8),100.0,151,0.42,0
ML-631844BF,SKU-007,antiviral,0,471,43.6,MEDIUM,Reefer(+0.0) M2(+35.0) WH_Buf(-1.2) ETA(+0.0) Ration(+9.8),100.0,145,0.42,0
ML-4B64B8EF,SKU-011,cardiac,0,52,43.5,MEDIUM,Reefer(+0.0) M2(+35.0) WH_Buf(-1.5) ETA(+0.0) Ration(+10.0),100.0,145,0.51,0
ML-668E15B7,SKU-001,cardiac,0,364,43.4,MEDIUM,Reefer(+0.0) M2(+35.0) WH_Buf(-1.5) ETA(+0.0) Ration(+9.9),100.0,160,0.53,0
ML-67CE135C,SKU-001,cardiac,0,378,43.3,MEDIUM,Reefer(+0.0) M2(+35.0) WH_Buf(-16.6) ETA(+15.0) Ration(+9.9),100.0,160,5.8,49
ML-B85E916D,SKU-003,antiviral,0,375,43.2,MEDIUM,Reefer(+0.0) M2(+35.0) WH_Buf(-1.7) ETA(+0.0) Ration(+9.8),100.0,134,0.59,0
ML-EE8D6762,SKU-009,antiviral,0,170,42.8,MEDIUM,Reefer(+0.0) M2(+35.0) WH_Buf(-2.2) ETA(+0.0) Ration(+9.9),100.0,134,0.76,0
ML-87A49B63,SKU-011,cardiac,0,16,42.7,MEDIUM,Reefer(+0.0) M2(+35.0) WH_Buf(-2.3) ETA(+0.0) Ration(+10.0),100.0,145,0.79,0
ML-E230F738,SKU-008,antiviral,0,373,42.4,MEDIUM,Reefer(+0.0) M2(+35.0) WH_Buf(-2.5) ETA(+0.0) Ration(+9.9),100.0,154,0.86,0
ML-523F1BE1,SKU-003,antiviral,0,376,42.2,MEDIUM,Reefer(+0.0) M2(+35.0) WH_Buf(-2.6) ETA(+0.0) Ration(+9.8),100.0,134,0.91,0
ML-35A46E86,SKU-008,antiviral,0,359,41.7,MEDIUM,Reefer(+0.0) M2(+35.0) WH_Buf(-5.7) ETA(+2.5) Ration(+9.9),100.0,154,1.99,8
ML-87F81E65,SKU-006,antibiotic,0,64,41.4,MEDIUM,Reefer(+0.0) M2(+35.0) WH_Buf(-18.6) ETA(+15.0) Ration(+10.0),100.0,151,6.5,52
ML-DDB289EB,SKU-015,cardiac,0,110,41.0,MEDIUM,Reefer(+0.0) M2(+35.0) WH_Buf(-3.9) ETA(+0.0) Ration(+10.0),100.0,152,1.37,0
ML-F94A2991,SKU-008,antiviral,0,444,40.9,MEDIUM,Reefer(+0.0) M2(+35.0) WH_Buf(-17.1) ETA(+13.1) Ration(+9.9),100.0,154,5.98,42
ML-C10190D8,SKU-011,cardiac,0,110,40.2,MEDIUM,Reefer(+0.0) M2(+35.0) WH_Buf(-8.5) ETA(+3.8) Ration(+10.0),100.0,145,2.98,12
ML-2FA08C72,SKU-006,antibiotic,0,91,40.0,MEDIUM,Reefer(+0.0) M2(+35.0) WH_Buf(-20.0) ETA(+15.0) Ration(+10.0),100.0,151,8.39,67
ML-23318EDF,SKU-003,antiviral,0,51,40.0,MEDIUM,Reefer(+0.0) M2(+35.0) WH_Buf(-20.0) ETA(+15.0) Ration(+10.0),100.0,134,10.3,60
ML-48120F1C,SKU-001,cardiac,0,394,39.9,LOW,Reefer(+0.0) M2(+35.0) WH_Buf(-20.0) ETA(+15.0) Ration(+9.9),100.0,160,11.8,70
ML-7E101371,SKU-008,antiviral,0,356,39.9,LOW,Reefer(+0.0) M2(+35.0) WH_Buf(-20.0) ETA(+15.0) Ration(+9.9),100.0,154,8.25,59
ML-CF5EE41B,SKU-011,cardiac,0,235,39.9,LOW,Reefer(+0.0) M2(+35.0) WH_Buf(-20.0) ETA(+15.0) Ration(+9.9),100.0,145,10.02,61
ML-F0B61A07,SKU-011,cardiac,0,156,39.9,LOW,Reefer(+0.0) M2(+35.0) WH_Buf(-20.0) ETA(+15.0) Ration(+9.9),100.0,145,8.84,51
ML-166CC574,SKU-014,antibiotic,0,460,39.8,LOW,Reefer(+0.0) M2(+35.0) WH_Buf(-20.0) ETA(+15.0) Ration(+9.8),100.0,133,8.83,61
ML-04A9CB40,SKU-015,cardiac,0,433,39.8,LOW,Reefer(+0.0) M2(+35.0) WH_Buf(-20.0) ETA(+15.0) Ration(+9.8),100.0,152,13.65,49
ML-D5BB8BA9,SKU-011,cardiac,0,430,39.8,LOW,Reefer(+0.0) M2(+35.0) WH_Buf(-20.0) ETA(+15.0) Ration(+9.8),100.0,145,11.35,56
ML-23C84D53,SKU-011,cardiac,0,426,39.8,LOW,Reefer(+0.0) M2(+35.0) WH_Buf(-20.0) ETA(+15.0) Ration(+9.8),100.0,145,9.27,51
ML-9B561DCD,SKU-007,antiviral,0,115,39.6,LOW,Reefer(+0.0) M2(+35.0) WH_Buf(-10.7) ETA(+5.3) Ration(+10.0),100.0,145,3.74,17
ML-EAE9376C,SKU-001,cardiac,0,310,39.3,LOW,Reefer(+0.0) M2(+35.0) WH_Buf(-20.0) ETA(+14.4) Ration(+9.9),100.0,160,10.64,46
ML-5DF1554A,SKU-015,cardiac,0,125,39.0,LOW,Reefer(+0.0) M2(+35.0) WH_Buf(-20.0) ETA(+14.1) Ration(+10.0),100.0,152,11.13,45
ML-24129D15,SKU-006,antibiotic,0,101,39.0,LOW,Reefer(+0.0) M2(+35.0) WH_Buf(-6.0) ETA(+0.0) Ration(+10.0),100.0,151,2.1,0
ML-D19C1BB2,SKU-012,antiviral,0,378,38.9,LOW,Reefer(+0.0) M2(+35.0) WH_Buf(-20.0) ETA(+14.1) Ration(+9.9),100.0,151,7.22,45
ML-8867F3C5,SKU-008,antiviral,0,329,38.8,LOW,Reefer(+0.0) M2(+35.0) WH_Buf(-10.5) ETA(+4.4) Ration(+9.9),100.0,154,3.66,14
ML-C1B39B6D,SKU-006,antibiotic,0,112,38.7,LOW,Reefer(+0.0) M2(+35.0) WH_Buf(-20.0) ETA(+13.8) Ration(+10.0),100.0,151,10.21,44
ML-471D2967,SKU-003,antiviral,0,436,38.6,LOW,Reefer(+0.0) M2(+35.0) WH_Buf(-20.0) ETA(+13.8) Ration(+9.8),100.0,134,13.53,44
ML-093F40DD,SKU-003,antiviral,0,114,38.6,LOW,Reefer(+0.0) M2(+35.0) WH_Buf(-17.6) ETA(+11.2) Ration(+10.0),100.0,134,6.15,36
ML-32F527BD,SKU-007,antiviral,0,445,38.4,LOW,Reefer(+0.0) M2(+35.0) WH_Buf(-6.5) ETA(+0.0) Ration(+9.8),100.0,145,2.27,0
ML-46DA0BF3,SKU-003,antiviral,0,474,38.3,LOW,Reefer(+0.0) M2(+35.0) WH_Buf(-6.5) ETA(+0.0) Ration(+9.8),100.0,134,2.28,0
ML-79E04EA5,SKU-012,antiviral,0,237,38.3,LOW,Reefer(+0.0) M2(+35.0) WH_Buf(-20.0) ETA(+13.4) Ration(+9.9),100.0,151,11.74,43
ML-B88C4F32,SKU-009,antiviral,0,177,38.3,LOW,Reefer(+0.0) M2(+35.0) WH_Buf(-6.6) ETA(+0.0) Ration(+9.9),100.0,134,2.31,0
ML-E4285E8C,SKU-015,cardiac,0,199,38.2,LOW,Reefer(+0.0) M2(+35.0) WH_Buf(-6.7) ETA(+0.0) Ration(+9.9),100.0,152,2.35,0
ML-2E7E3FAF,SKU-012,antiviral,0,363,38.1,LOW,Reefer(+0.0) M2(+35.0) WH_Buf(-6.8) ETA(+0.0) Ration(+9.9),100.0,151,2.38,0
ML-569FAE0A,SKU-011,cardiac,0,419,37.8,LOW,Reefer(+0.0) M2(+35.0) WH_Buf(-7.0) ETA(+0.0) Ration(+9.8),100.0,145,2.46,0
ML-6E1AB6BF,SKU-001,cardiac,0,196,37.5,LOW,Reefer(+0.0) M2(+35.0) WH_Buf(-7.4) ETA(+0.0) Ration(+9.9),100.0,160,2.59,0
ML-5D000199,SKU-007,antiviral,0,171,37.5,LOW,Reefer(+0.0) M2(+35.0) WH_Buf(-7.4) ETA(+0.0) Ration(+9.9),100.0,145,2.6,0
ML-3B7D0CBC,SKU-006,antibiotic,0,158,37.3,LOW,Reefer(+0.0) M2(+35.0) WH_Buf(-7.6) ETA(+0.0) Ration(+10.0),100.0,151,2.67,0
ML-C563CFC0,SKU-007,antiviral,0,374,37.2,LOW,Reefer(+0.0) M2(+35.0) WH_Buf(-7.7) ETA(+0.0) Ration(+9.9),100.0,145,2.69,0
ML-71979763,SKU-015,cardiac,0,284,37.1,LOW,Reefer(+0.0) M2(+35.0) WH_Buf(-20.0) ETA(+12.2) Ration(+9.9),100.0,152,7.08,39
ML-28B013FC,SKU-003,antiviral,0,322,37.0,LOW,Reefer(+0.0) M2(+35.0) WH_Buf(-20.0) ETA(+12.2) Ration(+9.9),100.0,134,13.22,39
ML-63B43614,SKU-014,antibiotic,0,83,36.9,LOW,Reefer(+0.0) M2(+35.0) WH_Buf(-8.1) ETA(+0.0) Ration(+10.0),100.0,133,2.84,0
ML-2362465C,SKU-003,antiviral,0,252,36.8,LOW,Reefer(+0.0) M2(+35.0) WH_Buf(-20.0) ETA(+11.9) Ration(+9.9),100.0,134,9.16,38
ML-3FEC9E7E,SKU-008,antiviral,0,477,36.7,LOW,Reefer(+0.0) M2(+35.0) WH_Buf(-9.7) ETA(+1.6) Ration(+9.8),100.0,154,3.41,5
ML-3D17A23E,SKU-001,cardiac,0,385,36.7,LOW,Reefer(+0.0) M2(+35.0) WH_Buf(-8.2) ETA(+0.0) Ration(+9.9),100.0,160,2.87,0
ML-D70F0C6E,SKU-014,antibiotic,0,190,36.7,LOW,Reefer(+0.0) M2(+35.0) WH_Buf(-8.3) ETA(+0.0) Ration(+9.9),100.0,133,2.89,0
ML-9628DA03,SKU-008,antiviral,0,402,36.6,LOW,Reefer(+0.0) M2(+35.0) WH_Buf(-8.3) ETA(+0.0) Ration(+9.9),100.0,154,2.91,0
ML-284E5E7D,SKU-006,antibiotic,0,265,36.6,LOW,Reefer(+0.0) M2(+35.0) WH_Buf(-15.8) ETA(+7.5) Ration(+9.9),100.0,151,5.53,24
ML-3BD6FF14,SKU-011,cardiac,0,319,36.2,LOW,Reefer(+0.0) M2(+35.0) WH_Buf(-8.7) ETA(+0.0) Ration(+9.9),100.0,145,3.03,0
ML-62AD4F4D,SKU-014,antibiotic,0,28,36.2,LOW,Reefer(+0.0) M2(+35.0) WH_Buf(-20.0) ETA(+11.2) Ration(+10.0),100.0,133,12.85,36
ML-9A7B8143,SKU-001,cardiac,0,178,36.1,LOW,Reefer(+0.0) M2(+35.0) WH_Buf(-8.8) ETA(+0.0) Ration(+9.9),100.0,160,3.08,0
ML-72B24AD5,SKU-007,antiviral,0,204,36.0,LOW,Reefer(+0.0) M2(+35.0) WH_Buf(-8.9) ETA(+0.0) Ration(+9.9),100.0,145,3.12,0
ML-24B312CE,SKU-012,antiviral,0,404,35.9,LOW,Reefer(+0.0) M2(+35.0) WH_Buf(-9.0) ETA(+0.0) Ration(+9.8),100.0,151,3.14,0
ML-FABB135D,SKU-003,antiviral,0,158,35.9,LOW,Reefer(+0.0) M2(+35.0) WH_Buf(-9.0) ETA(+0.0) Ration(+9.9),100.0,134,3.15,0
ML-AC523A8F,SKU-003,antiviral,0,40,35.5,LOW,Reefer(+0.0) M2(+35.0) WH_Buf(-9.5) ETA(+0.0) Ration(+10.0),100.0,134,3.32,0
ML-B7911B7E,SKU-001,cardiac,0,497,35.3,LOW,Reefer(+0.0) M2(+35.0) WH_Buf(-9.6) ETA(+0.0) Ration(+9.8),100.0,160,3.35,0
ML-1C5F8943,SKU-006,antibiotic,0,160,35.3,LOW,Reefer(+0.0) M2(+35.0) WH_Buf(-20.0) ETA(+10.3) Ration(+10.0),100.0,151,12.47,33
ML-6E5859AD,SKU-003,antiviral,0,106,35.0,LOW,Reefer(+0.0) M2(+35.0) WH_Buf(-20.0) ETA(+10.0) Ration(+10.0),100.0,134,11.65,32
ML-2C275E04,SKU-015,cardiac,0,375,34.6,LOW,Reefer(+0.0) M2(+35.0) WH_Buf(-20.0) ETA(+9.7) Ration(+9.9),100.0,152,10.94,31
ML-9D00EEA2,SKU-008,antiviral,0,50,34.6,LOW,Reefer(+0.0) M2(+35.0) WH_Buf(-10.4) ETA(+0.0) Ration(+10.0),100.0,154,3.65,0
ML-7E80E1EB,SKU-008,antiviral,0,341,34.5,LOW,Reefer(+0.0) M2(+35.0) WH_Buf(-10.4) ETA(+0.0) Ration(+9.9),100.0,154,3.63,0
ML-2B66BA5C,SKU-007,antiviral,0,31,34.3,LOW,Reefer(+0.0) M2(+35.0) WH_Buf(-19.1) ETA(+8.4) Ration(+10.0),100.0,145,6.7,27
ML-19955920,SKU-012,antiviral,0,373,34.2,LOW,Reefer(+0.0) M2(+35.0) WH_Buf(-20.0) ETA(+9.4) Ration(+9.9),100.0,151,9.83,30
ML-7D1F8EAD,SKU-003,antiviral,0,437,33.7,LOW,Reefer(+0.0) M2(+35.0) WH_Buf(-11.1) ETA(+0.0) Ration(+9.8),100.0,134,3.89,0
ML-FE5DBD16,SKU-014,antibiotic,0,390,33.6,LOW,Reefer(+0.0) M2(+35.0) WH_Buf(-20.0) ETA(+8.8) Ration(+9.8),100.0,133,10.04,28
ML-E5A4F2C3,SKU-011,cardiac,0,156,33.6,LOW,Reefer(+0.0) M2(+35.0) WH_Buf(-11.3) ETA(+0.0) Ration(+9.9),100.0,145,3.96,0
ML-8427D130,SKU-003,antiviral,0,361,33.2,LOW,Reefer(+0.0) M2(+35.0) WH_Buf(-11.6) ETA(+0.0) Ration(+9.8),100.0,134,4.06,0
ML-0C21B925,SKU-003,antiviral,0,51,33.2,LOW,Reefer(+0.0) M2(+35.0) WH_Buf(-11.8) ETA(+0.0) Ration(+10.0),100.0,134,4.12,0
ML-38EF6F70,SKU-015,cardiac,0,32,33.2,LOW,Reefer(+0.0) M2(+35.0) WH_Buf(-11.8) ETA(+0.0) Ration(+10.0),100.0,152,4.14,0
ML-5FADBDE7,SKU-001,cardiac,0,410,33.1,LOW,Reefer(+0.0) M2(+35.0) WH_Buf(-11.8) ETA(+0.0) Ration(+9.9),100.0,160,4.13,0
ML-CCB56C1B,SKU-006,antibiotic,0,134,33.1,LOW,Reefer(+0.0) M2(+35.0) WH_Buf(-20.0) ETA(+8.1) Ration(+10.0),100.0,151,9.53,26
ML-5438D52B,SKU-015,cardiac,0,468,32.9,LOW,Reefer(+0.0) M2(+35.0) WH_Buf(-11.9) ETA(+0.0) Ration(+9.8),100.0,152,4.18,0
ML-AE027D64,SKU-011,cardiac,0,445,32.8,LOW,Reefer(+0.0) M2(+35.0) WH_Buf(-12.0) ETA(+0.0) Ration(+9.8),100.0,145,4.21,0
ML-2C594781,SKU-008,antiviral,0,12,32.8,LOW,Reefer(+0.0) M2(+35.0) WH_Buf(-20.0) ETA(+7.8) Ration(+10.0),100.0,154,10.22,25
ML-8443C3C2,SKU-012,antiviral,0,207,32.7,LOW,Reefer(+0.0) M2(+35.0) WH_Buf(-20.0) ETA(+7.8) Ration(+9.9),100.0,151,9.21,25
ML-54262883,SKU-015,cardiac,0,32,32.5,LOW,Reefer(+0.0) M2(+35.0) WH_Buf(-13.1) ETA(+0.6) Ration(+10.0),100.0,152,4.59,2
ML-BD5B66F7,SKU-009,antiviral,0,364,32.0,LOW,Reefer(+0.0) M2(+35.0) WH_Buf(-20.0) ETA(+7.2) Ration(+9.8),100.0,134,9.79,23
ML-6B708F1C,SKU-015,cardiac,0,238,32.0,LOW,Reefer(+0.0) M2(+35.0) WH_Buf(-12.9) ETA(+0.0) Ration(+9.9),100.0,152,4.53,0
ML-8A05C588,SKU-015,cardiac,0,58,31.9,LOW,Reefer(+0.0) M2(+35.0) WH_Buf(-13.1) ETA(+0.0) Ration(+10.0),100.0,152,4.59,0
ML-FA1DBC41,SKU-003,antiviral,0,224,31.8,LOW,Reefer(+0.0) M2(+35.0) WH_Buf(-20.0) ETA(+6.9) Ration(+9.9),100.0,134,9.19,22
ML-B244D4C2,SKU-011,cardiac,0,100,31.5,LOW,Reefer(+0.0) M2(+35.0) WH_Buf(-13.4) ETA(+0.0) Ration(+10.0),100.0,145,4.7,0
ML-705B3DEF,SKU-001,cardiac,0,400,31.1,LOW,Reefer(+0.0) M2(+35.0) WH_Buf(-20.0) ETA(+6.2) Ration(+9.9),100.0,160,10.69,20
ML-D5877A73,SKU-015,cardiac,0,370,31.1,LOW,Reefer(+0.0) M2(+35.0) WH_Buf(-13.8) ETA(+0.0) Ration(+9.9),100.0,152,4.83,0
ML-C7AE99DA,SKU-008,antiviral,0,324,31.1,LOW,Reefer(+0.0) M2(+35.0) WH_Buf(-13.8) ETA(+0.0) Ration(+9.9),100.0,154,4.84,0
ML-75528C8B,SKU-001,cardiac,0,143,30.6,LOW,Reefer(+0.0) M2(+35.0) WH_Buf(-14.3) ETA(+0.0) Ration(+10.0),100.0,160,5.02,0
ML-95EEDF19,SKU-012,antiviral,0,34,30.6,LOW,Reefer(+0.0) M2(+35.0) WH_Buf(-20.0) ETA(+5.6) Ration(+10.0),100.0,151,10.14,18
ML-8DA95012,SKU-012,antiviral,0,84,30.5,LOW,Reefer(+0.0) M2(+35.0) WH_Buf(-14.5) ETA(+0.0) Ration(+10.0),100.0,151,5.07,0
ML-60C2BFB8,SKU-009,antiviral,0,108,30.4,LOW,Reefer(+0.0) M2(+35.0) WH_Buf(-14.6) ETA(+0.0) Ration(+10.0),100.0,134,5.11,0
ML-B2E8031A,SKU-003,antiviral,0,341,30.3,LOW,Reefer(+0.0) M2(+35.0) WH_Buf(-14.5) ETA(+0.0) Ration(+9.8),100.0,134,5.08,0
ML-E14DD1A1,SKU-015,cardiac,0,142,30.3,LOW,Reefer(+0.0) M2(+35.0) WH_Buf(-20.0) ETA(+5.3) Ration(+10.0),100.0,152,11.21,17
ML-3D60404A,SKU-015,cardiac,0,269,29.9,LOW,Reefer(+0.0) M2(+35.0) WH_Buf(-15.0) ETA(+0.0) Ration(+9.9),100.0,152,5.25,0
ML-C26BB77B,SKU-015,cardiac,0,49,29.6,LOW,Reefer(+0.0) M2(+35.0) WH_Buf(-15.3) ETA(+0.0) Ration(+10.0),100.0,152,5.37,0
ML-24D7DEC3,SKU-001,cardiac,0,149,29.5,LOW,Reefer(+0.0) M2(+35.0) WH_Buf(-15.5) ETA(+0.0) Ration(+10.0),100.0,160,5.41,0
ML-89E48381,SKU-008,antiviral,0,152,29.3,LOW,Reefer(+0.0) M2(+35.0) WH_Buf(-20.0) ETA(+4.4) Ration(+10.0),100.0,154,11.92,14
ML-C17CD2D9,SKU-012,antiviral,0,323,29.2,LOW,Reefer(+0.0) M2(+35.0) WH_Buf(-15.7) ETA(+0.0) Ration(+9.9),100.0,151,5.49,0
ML-BEBC7D40,SKU-009,antiviral,0,308,29.0,LOW,Reefer(+0.0) M2(+35.0) WH_Buf(-15.9) ETA(+0.0) Ration(+9.9),100.0,134,5.56,0
ML-A36BBC4F,SKU-012,antiviral,0,245,28.9,LOW,Reefer(+0.0) M2(+35.0) WH_Buf(-16.1) ETA(+0.0) Ration(+9.9),100.0,151,5.62,0
ML-B560BBE2,SKU-015,cardiac,0,76,28.8,LOW,Reefer(+0.0) M2(+35.0) WH_Buf(-16.2) ETA(+0.0) Ration(+10.0),100.0,152,5.66,0
ML-9D0915BF,SKU-003,antiviral,0,298,28.6,LOW,Reefer(+0.0) M2(+35.0) WH_Buf(-20.0) ETA(+3.8) Ration(+9.9),100.0,134,9.79,12
ML-B63D4E06,SKU-014,antibiotic,0,90,28.6,LOW,Reefer(+0.0) M2(+35.0) WH_Buf(-16.3) ETA(+0.0) Ration(+10.0),100.0,133,5.71,0
ML-C989ACCE,SKU-001,cardiac,0,416,28.5,LOW,Reefer(+0.0) M2(+35.0) WH_Buf(-16.4) ETA(+0.0) Ration(+9.9),100.0,160,5.73,0
ML-EEB3B39D,SKU-008,antiviral,0,267,28.3,LOW,Reefer(+0.0) M2(+35.0) WH_Buf(-20.0) ETA(+3.4) Ration(+9.9),100.0,154,10.97,11
ML-57C3151B,SKU-009,antiviral,0,432,28.0,LOW,Reefer(+0.0) M2(+35.0) WH_Buf(-20.0) ETA(+3.1) Ration(+9.8),100.0,134,9.72,10
ML-36C78229,SKU-008,antiviral,0,476,27.8,LOW,Reefer(+0.0) M2(+35.0) WH_Buf(-17.0) ETA(+0.0) Ration(+9.8),100.0,154,5.96,0
ML-A620FBA2,SKU-012,antiviral,0,406,27.8,LOW,Reefer(+0.0) M2(+35.0) WH_Buf(-17.0) ETA(+0.0) Ration(+9.8),100.0,151,5.95,0
ML-ADBE45F2,SKU-006,antibiotic,0,218,27.8,LOW,Reefer(+0.0) M2(+35.0) WH_Buf(-17.1) ETA(+0.0) Ration(+9.9),100.0,151,5.98,0
ML-E32B140E,SKU-001,cardiac,0,11,27.8,LOW,Reefer(+0.0) M2(+35.0) WH_Buf(-20.0) ETA(+2.8) Ration(+10.0),100.0,160,8.69,9
ML-E44A1047,SKU-007,antiviral,0,452,27.6,LOW,Reefer(+0.0) M2(+35.0) WH_Buf(-17.3) ETA(+0.0) Ration(+9.8),100.0,145,6.05,0
ML-AE5DBE29,SKU-015,cardiac,0,30,27.4,LOW,Reefer(+0.0) M2(+35.0) WH_Buf(-17.6) ETA(+0.0) Ration(+10.0),100.0,152,6.17,0
ML-AEE029A2,SKU-009,antiviral,0,163,27.2,LOW,Reefer(+0.0) M2(+35.0) WH_Buf(-17.7) ETA(+0.0) Ration(+9.9),100.0,134,6.19,0
ML-71F41249,SKU-015,cardiac,0,73,27.2,LOW,Reefer(+0.0) M2(+35.0) WH_Buf(-17.8) ETA(+0.0) Ration(+10.0),100.0,152,6.22,0
ML-A2429F5C,SKU-008,antiviral,0,26,27.2,LOW,Reefer(+0.0) M2(+35.0) WH_Buf(-17.8) ETA(+0.0) Ration(+10.0),100.0,154,6.22,0
ML-284DE3CB,SKU-008,antiviral,0,131,27.1,LOW,Reefer(+0.0) M2(+35.0) WH_Buf(-17.8) ETA(+0.0) Ration(+10.0),100.0,154,6.24,0
ML-AC4EA7B1,SKU-009,antiviral,0,379,27.0,LOW,Reefer(+0.0) M2(+35.0) WH_Buf(-20.0) ETA(+2.2) Ration(+9.8),100.0,134,9.49,7
ML-64C5F804,SKU-001,cardiac,0,471,26.6,LOW,Reefer(+0.0) M2(+35.0) WH_Buf(-18.2) ETA(+0.0) Ration(+9.8),100.0,160,6.38,0
ML-E48F42C6,SKU-011,cardiac,0,365,26.6,LOW,Reefer(+0.0) M2(+35.0) WH_Buf(-18.2) ETA(+0.0) Ration(+9.9),100.0,145,6.38,0
ML-222ECE34,SKU-011,cardiac,0,334,26.4,LOW,Reefer(+0.0) M2(+35.0) WH_Buf(-20.0) ETA(+1.6) Ration(+9.9),100.0,145,10.6,5
ML-8B1CA436,SKU-012,antiviral,0,173,26.1,LOW,Reefer(+0.0) M2(+35.0) WH_Buf(-18.8) ETA(+0.0) Ration(+9.9),100.0,151,6.59,0
ML-5754DECC,SKU-001,cardiac,0,102,25.9,LOW,Reefer(+0.0) M2(+35.0) WH_Buf(-20.0) ETA(+0.9) Ration(+10.0),100.0,160,12.12,3
ML-30D5CF2E,SKU-012,antiviral,0,235,25.8,LOW,Reefer(+0.0) M2(+35.0) WH_Buf(-19.1) ETA(+0.0) Ration(+9.9),100.0,151,6.69,0
ML-FCD54032,SKU-006,antibiotic,0,309,25.5,LOW,Reefer(+0.0) M2(+35.0) WH_Buf(-20.0) ETA(+0.6) Ration(+9.9),100.0,151,10.0,2
ML-222E0306,SKU-012,antiviral,0,142,25.0,LOW,Reefer(+0.0) M2(+35.0) WH_Buf(-20.0) ETA(+0.0) Ration(+10.0),100.0,151,7.08,0
ML-C8885ADB,SKU-008,antiviral,0,136,25.0,LOW,Reefer(+0.0) M2(+35.0) WH_Buf(-20.0) ETA(+0.0) Ration(+10.0),100.0,154,12.06,0
ML-F7DFFA33,SKU-008,antiviral,0,134,25.0,LOW,Reefer(+0.0) M2(+35.0) WH_Buf(-20.0) ETA(+0.0) Ration(+10.0),100.0,154,7.85,0
ML-1D3FE99C,SKU-006,antibiotic,0,109,25.0,LOW,Reefer(+0.0) M2(+35.0) WH_Buf(-20.0) ETA(+0.0) Ration(+10.0),100.0,151,8.11,0
ML-D24783B9,SKU-009,antiviral,0,108,25.0,LOW,Reefer(+0.0) M2(+35.0) WH_Buf(-20.0) ETA(+0.0) Ration(+10.0),100.0,134,12.27,0
ML-0FA75BC4,SKU-001,cardiac,0,108,25.0,LOW,Reefer(+0.0) M2(+35.0) WH_Buf(-20.0) ETA(+0.0) Ration(+10.0),100.0,160,8.83,0
ML-CB1A52B7,SKU-012,antiviral,0,106,25.0,LOW,Reefer(+0.0) M2(+35.0) WH_Buf(-20.0) ETA(+0.0) Ration(+10.0),100.0,151,11.75,0
ML-8106F6A3,SKU-003,antiviral,0,103,25.0,LOW,Reefer(+0.0) M2(+35.0) WH_Buf(-20.0) ETA(+0.0) Ration(+10.0),100.0,134,10.92,0
ML-1DA4CF8F,SKU-011,cardiac,0,93,25.0,LOW,Reefer(+0.0) M2(+35.0) WH_Buf(-20.0) ETA(+0.0) Ration(+10.0),100.0,145,11.38,0
ML-76B97713,SKU-014,antibiotic,0,89,25.0,LOW,Reefer(+0.0) M2(+35.0) WH_Buf(-20.0) ETA(+0.0) Ration(+10.0),100.0,133,11.68,0
ML-DBC5E1AB,SKU-001,cardiac,0,87,25.0,LOW,Reefer(+0.0) M2(+35.0) WH_Buf(-20.0) ETA(+0.0) Ration(+10.0),100.0,160,8.4,0
ML-417272DA,SKU-015,cardiac,0,87,25.0,LOW,Reefer(+0.0) M2(+35.0) WH_Buf(-20.0) ETA(+0.0) Ration(+10.0),100.0,152,13.39,0
ML-7B50172E,SKU-003,antiviral,0,71,25.0,LOW,Reefer(+0.0) M2(+35.0) WH_Buf(-20.0) ETA(+0.0) Ration(+10.0),100.0,134,8.84,0
ML-32D59DC3,SKU-003,antiviral,0,69,25.0,LOW,Reefer(+0.0) M2(+35.0) WH_Buf(-20.0) ETA(+0.0) Ration(+10.0),100.0,134,11.86,0
ML-E92B4A10,SKU-012,antiviral,0,66,25.0,LOW,Reefer(+0.0) M2(+35.0) WH_Buf(-20.0) ETA(+0.0) Ration(+10.0),100.0,151,12.47,0
ML-0B41306D,SKU-007,antiviral,0,61,25.0,LOW,Reefer(+0.0) M2(+35.0) WH_Buf(-20.0) ETA(+0.0) Ration(+10.0),100.0,145,11.99,0
ML-A25D2709,SKU-009,antiviral,0,55,25.0,LOW,Reefer(+0.0) M2(+35.0) WH_Buf(-20.0) ETA(+0.0) Ration(+10.0),100.0,134,13.28,0
ML-152EB899,SKU-003,antiviral,0,51,25.0,LOW,Reefer(+0.0) M2(+35.0) WH_Buf(-20.0) ETA(+0.0) Ration(+10.0),100.0,134,9.74,0
ML-07C942C9,SKU-014,antibiotic,0,44,25.0,LOW,Reefer(+0.0) M2(+35.0) WH_Buf(-20.0) ETA(+0.0) Ration(+10.0),100.0,133,7.72,0
ML-735DBA89,SKU-012,antiviral,0,44,25.0,LOW,Reefer(+0.0) M2(+35.0) WH_Buf(-20.0) ETA(+0.0) Ration(+10.0),100.0,151,8.86,0
ML-25151819,SKU-003,antiviral,0,38,25.0,LOW,Reefer(+0.0) M2(+35.0) WH_Buf(-20.0) ETA(+0.0) Ration(+10.0),100.0,134,12.9,0
ML-696278B3,SKU-014,antibiotic,0,38,25.0,LOW,Reefer(+0.0) M2(+35.0) WH_Buf(-20.0) ETA(+0.0) Ration(+10.0),100.0,133,7.74,0
ML-7D0533CA,SKU-008,antiviral,0,23,25.0,LOW,Reefer(+0.0) M2(+35.0) WH_Buf(-20.0) ETA(+0.0) Ration(+10.0),100.0,154,8.46,0
ML-EE4C5AB8,SKU-006,antibiotic,0,23,25.0,LOW,Reefer(+0.0) M2(+35.0) WH_Buf(-20.0) ETA(+0.0) Ration(+10.0),100.0,151,13.5,0
ML-BE545FA2,SKU-015,cardiac,0,10,25.0,LOW,Reefer(+0.0) M2(+35.0) WH_Buf(-20.0) ETA(+0.0) Ration(+10.0),100.0,152,12.79,0
ML-7CAB11E8,SKU-006,antibiotic,0,434,24.9,LOW,Reefer(+0.0) M2(+35.0) WH_Buf(-20.0) ETA(+0.0) Ration(+9.9),100.0,151,11.96,0
ML-683ABCC7,SKU-008,antiviral,0,432,24.9,LOW,Reefer(+0.0) M2(+35.0) WH_Buf(-20.0) ETA(+0.0) Ration(+9.9),100.0,154,11.99,0
ML-6B966E39,SKU-001,cardiac,0,417,24.9,LOW,Reefer(+0.0) M2(+35.0) WH_Buf(-20.0) ETA(+0.0) Ration(+9.9),100.0,160,11.41,0
ML-45E0C146,SKU-006,antibiotic,0,411,24.9,LOW,Reefer(+0.0) M2(+35.0) WH_Buf(-20.0) ETA(+0.0) Ration(+9.9),100.0,151,8.49,0
ML-68C24F75,SKU-001,cardiac,0,397,24.9,LOW,Reefer(+0.0) M2(+35.0) WH_Buf(-20.0) ETA(+0.0) Ration(+9.9),100.0,160,11.52,0
ML-D77C945C,SKU-008,antiviral,0,380,24.9,LOW,Reefer(+0.0) M2(+35.0) WH_Buf(-20.0) ETA(+0.0) Ration(+9.9),100.0,154,8.14,0
ML-AA80D768,SKU-007,antiviral,0,373,24.9,LOW,Reefer(+0.0) M2(+35.0) WH_Buf(-20.0) ETA(+0.0) Ration(+9.9),100.0,145,8.45,0
ML-CE4E6E8F,SKU-012,antiviral,0,366,24.9,LOW,Reefer(+0.0) M2(+35.0) WH_Buf(-20.0) ETA(+0.0) Ration(+9.9),100.0,151,10.36,0
ML-75E94E46,SKU-012,antiviral,0,362,24.9,LOW,Reefer(+0.0) M2(+35.0) WH_Buf(-20.0) ETA(+0.0) Ration(+9.9),100.0,151,8.84,0
ML-0AC715D9,SKU-006,antibiotic,0,358,24.9,LOW,Reefer(+0.0) M2(+35.0) WH_Buf(-20.0) ETA(+0.0) Ration(+9.9),100.0,151,8.31,0
ML-1E8AA424,SKU-015,cardiac,0,351,24.9,LOW,Reefer(+0.0) M2(+35.0) WH_Buf(-20.0) ETA(+0.0) Ration(+9.9),100.0,152,8.0,0
ML-D27F1958,SKU-011,cardiac,0,349,24.9,LOW,Reefer(+0.0) M2(+35.0) WH_Buf(-20.0) ETA(+0.0) Ration(+9.9),100.0,145,9.71,0
ML-C7758014,SKU-012,antiviral,0,349,24.9,LOW,Reefer(+0.0) M2(+35.0) WH_Buf(-20.0) ETA(+0.0) Ration(+9.9),100.0,151,7.91,0
ML-C3232250,SKU-007,antiviral,0,347,24.9,LOW,Reefer(+0.0) M2(+35.0) WH_Buf(-20.0) ETA(+0.0) Ration(+9.9),100.0,145,10.82,0
ML-DDA4939B,SKU-014,antibiotic,0,347,24.9,LOW,Reefer(+0.0) M2(+35.0) WH_Buf(-20.0) ETA(+0.0) Ration(+9.9),100.0,133,13.93,0
ML-8FFC0F70,SKU-007,antiviral,0,346,24.9,LOW,Reefer(+0.0) M2(+35.0) WH_Buf(-20.0) ETA(+0.0) Ration(+9.9),100.0,145,10.17,0
ML-266AE12E,SKU-012,antiviral,0,346,24.9,LOW,Reefer(+0.0) M2(+35.0) WH_Buf(-20.0) ETA(+0.0) Ration(+9.9),100.0,151,9.46,0
ML-279B5A0F,SKU-012,antiviral,0,339,24.9,LOW,Reefer(+0.0) M2(+35.0) WH_Buf(-20.0) ETA(+0.0) Ration(+9.9),100.0,151,7.45,0
ML-F8E3667B,SKU-011,cardiac,0,333,24.9,LOW,Reefer(+0.0) M2(+35.0) WH_Buf(-20.0) ETA(+0.0) Ration(+9.9),100.0,145,13.1,0
ML-0A9D6758,SKU-014,antibiotic,0,319,24.9,LOW,Reefer(+0.0) M2(+35.0) WH_Buf(-20.0) ETA(+0.0) Ration(+9.9),100.0,133,9.56,0
ML-B3007226,SKU-011,cardiac,0,314,24.9,LOW,Reefer(+0.0) M2(+35.0) WH_Buf(-20.0) ETA(+0.0) Ration(+9.9),100.0,145,7.35,0
ML-C606B8E0,SKU-008,antiviral,0,314,24.9,LOW,Reefer(+0.0) M2(+35.0) WH_Buf(-20.0) ETA(+0.0) Ration(+9.9),100.0,154,9.27,0
ML-F931EDC0,SKU-011,cardiac,0,313,24.9,LOW,Reefer(+0.0) M2(+35.0) WH_Buf(-20.0) ETA(+0.0) Ration(+9.9),100.0,145,10.36,0
ML-C5E581B1,SKU-007,antiviral,0,312,24.9,LOW,Reefer(+0.0) M2(+35.0) WH_Buf(-20.0) ETA(+0.0) Ration(+9.9),100.0,145,7.26,0
ML-BA5B012C,SKU-008,antiviral,0,311,24.9,LOW,Reefer(+0.0) M2(+35.0) WH_Buf(-20.0) ETA(+0.0) Ration(+9.9),100.0,154,10.01,0
ML-526D7C9E,SKU-003,antiviral,0,311,24.9,LOW,Reefer(+0.0) M2(+35.0) WH_Buf(-20.0) ETA(+0.0) Ration(+9.9),100.0,134,7.53,0
ML-E7C5918A,SKU-011,cardiac,0,311,24.9,LOW,Reefer(+0.0) M2(+35.0) WH_Buf(-20.0) ETA(+0.0) Ration(+9.9),100.0,145,7.79,0
ML-6DC0F1F0,SKU-015,cardiac,0,306,24.9,LOW,Reefer(+0.0) M2(+35.0) WH_Buf(-20.0) ETA(+0.0) Ration(+9.9),100.0,152,10.66,0
ML-5AAB674E,SKU-014,antibiotic,0,305,24.9,LOW,Reefer(+0.0) M2(+35.0) WH_Buf(-20.0) ETA(+0.0) Ration(+9.9),100.0,133,8.46,0
ML-7C126A98,SKU-011,cardiac,0,303,24.9,LOW,Reefer(+0.0) M2(+35.0) WH_Buf(-20.0) ETA(+0.0) Ration(+9.9),100.0,145,10.83,0
ML-19CEC25B,SKU-007,antiviral,0,298,24.9,LOW,Reefer(+0.0) M2(+35.0) WH_Buf(-20.0) ETA(+0.0) Ration(+9.9),100.0,145,13.8,0
ML-50B8C3D7,SKU-003,antiviral,0,296,24.9,LOW,Reefer(+0.0) M2(+35.0) WH_Buf(-20.0) ETA(+0.0) Ration(+9.9),100.0,134,7.47,0
ML-6325628C,SKU-014,antibiotic,0,294,24.9,LOW,Reefer(+0.0) M2(+35.0) WH_Buf(-20.0) ETA(+0.0) Ration(+9.9),100.0,133,12.02,0
ML-E0BE1F4A,SKU-009,antiviral,0,286,24.9,LOW,Reefer(+0.0) M2(+35.0) WH_Buf(-20.0) ETA(+0.0) Ration(+9.9),100.0,134,7.07,0
ML-D961A485,SKU-007,antiviral,0,286,24.9,LOW,Reefer(+0.0) M2(+35.0) WH_Buf(-20.0) ETA(+0.0) Ration(+9.9),100.0,145,11.04,0
ML-37C5ACB6,SKU-008,antiviral,0,286,24.9,LOW,Reefer(+0.0) M2(+35.0) WH_Buf(-20.0) ETA(+0.0) Ration(+9.9),100.0,154,12.47,0
ML-4E9C709D,SKU-012,antiviral,0,286,24.9,LOW,Reefer(+0.0) M2(+35.0) WH_Buf(-20.0) ETA(+0.0) Ration(+9.9),100.0,151,10.07,0
ML-C6865C0B,SKU-012,antiviral,0,283,24.9,LOW,Reefer(+0.0) M2(+35.0) WH_Buf(-20.0) ETA(+0.0) Ration(+9.9),100.0,151,13.6,0
ML-7081F3F1,SKU-006,antibiotic,0,282,24.9,LOW,Reefer(+0.0) M2(+35.0) WH_Buf(-20.0) ETA(+0.0) Ration(+9.9),100.0,151,13.74,0
ML-049E664E,SKU-014,antibiotic,0,278,24.9,LOW,Reefer(+0.0) M2(+35.0) WH_Buf(-20.0) ETA(+0.0) Ration(+9.9),100.0,133,13.72,0
ML-1E3F02D1,SKU-014,antibiotic,0,277,24.9,LOW,Reefer(+0.0) M2(+35.0) WH_Buf(-20.0) ETA(+0.0) Ration(+9.9),100.0,133,8.92,0
ML-94594F24,SKU-006,antibiotic,0,272,24.9,LOW,Reefer(+0.0) M2(+35.0) WH_Buf(-20.0) ETA(+0.0) Ration(+9.9),100.0,151,8.3,0
ML-D6A48229,SKU-008,antiviral,0,270,24.9,LOW,Reefer(+0.0) M2(+35.0) WH_Buf(-20.0) ETA(+0.0) Ration(+9.9),100.0,154,11.23,0
ML-F7C1AEA9,SKU-011,cardiac,0,265,24.9,LOW,Reefer(+0.0) M2(+35.0) WH_Buf(-20.0) ETA(+0.0) Ration(+9.9),100.0,145,13.24,0
ML-C653F0FA,SKU-009,antiviral,0,260,24.9,LOW,Reefer(+0.0) M2(+35.0) WH_Buf(-20.0) ETA(+0.0) Ration(+9.9),100.0,134,9.62,0
ML-E6F69F4C,SKU-008,antiviral,0,245,24.9,LOW,Reefer(+0.0) M2(+35.0) WH_Buf(-20.0) ETA(+0.0) Ration(+9.9),100.0,154,7.0,0
ML-5C00D326,SKU-008,antiviral,0,241,24.9,LOW,Reefer(+0.0) M2(+35.0) WH_Buf(-20.0) ETA(+0.0) Ration(+9.9),100.0,154,12.43,0
ML-747EF8BF,SKU-003,antiviral,0,238,24.9,LOW,Reefer(+0.0) M2(+35.0) WH_Buf(-20.0) ETA(+0.0) Ration(+9.9),100.0,134,9.06,0
ML-5D1FA079,SKU-015,cardiac,0,237,24.9,LOW,Reefer(+0.0) M2(+35.0) WH_Buf(-20.0) ETA(+0.0) Ration(+9.9),100.0,152,10.94,0
ML-94ABBEB7,SKU-001,cardiac,0,236,24.9,LOW,Reefer(+0.0) M2(+35.0) WH_Buf(-20.0) ETA(+0.0) Ration(+9.9),100.0,160,11.08,0
ML-F1AE43C1,SKU-014,antibiotic,0,236,24.9,LOW,Reefer(+0.0) M2(+35.0) WH_Buf(-20.0) ETA(+0.0) Ration(+9.9),100.0,133,13.65,0
ML-14D2E3EA,SKU-003,antiviral,0,236,24.9,LOW,Reefer(+0.0) M2(+35.0) WH_Buf(-20.0) ETA(+0.0) Ration(+9.9),100.0,134,13.46,0
ML-5A2FBC5C,SKU-003,antiviral,0,232,24.9,LOW,Reefer(+0.0) M2(+35.0) WH_Buf(-20.0) ETA(+0.0) Ration(+9.9),100.0,134,13.92,0
ML-252466B2,SKU-014,antibiotic,0,228,24.9,LOW,Reefer(+0.0) M2(+35.0) WH_Buf(-20.0) ETA(+0.0) Ration(+9.9),100.0,133,8.98,0
ML-4F5B77A0,SKU-001,cardiac,0,211,24.9,LOW,Reefer(+0.0) M2(+35.0) WH_Buf(-20.0) ETA(+0.0) Ration(+9.9),100.0,160,7.65,0
ML-1B6CF85C,SKU-007,antiviral,0,205,24.9,LOW,Reefer(+0.0) M2(+35.0) WH_Buf(-20.0) ETA(+0.0) Ration(+9.9),100.0,145,13.26,0
ML-4C59C372,SKU-006,antibiotic,0,203,24.9,LOW,Reefer(+0.0) M2(+35.0) WH_Buf(-20.0) ETA(+0.0) Ration(+9.9),100.0,151,13.76,0
ML-9545B91C,SKU-012,antiviral,0,197,24.9,LOW,Reefer(+0.0) M2(+35.0) WH_Buf(-20.0) ETA(+0.0) Ration(+9.9),100.0,151,8.33,0
ML-29F44A5F,SKU-007,antiviral,0,196,24.9,LOW,Reefer(+0.0) M2(+35.0) WH_Buf(-20.0) ETA(+0.0) Ration(+9.9),100.0,145,9.49,0
ML-8A21EB5A,SKU-001,cardiac,0,196,24.9,LOW,Reefer(+0.0) M2(+35.0) WH_Buf(-20.0) ETA(+0.0) Ration(+9.9),100.0,160,7.68,0
ML-345BD091,SKU-011,cardiac,0,187,24.9,LOW,Reefer(+0.0) M2(+35.0) WH_Buf(-20.0) ETA(+0.0) Ration(+9.9),100.0,145,13.68,0
ML-7121CFB0,SKU-014,antibiotic,0,187,24.9,LOW,Reefer(+0.0) M2(+35.0) WH_Buf(-20.0) ETA(+0.0) Ration(+9.9),100.0,133,11.64,0
ML-A37F9C7D,SKU-008,antiviral,0,182,24.9,LOW,Reefer(+0.0) M2(+35.0) WH_Buf(-20.0) ETA(+0.0) Ration(+9.9),100.0,154,8.08,0
ML-45065314,SKU-011,cardiac,0,178,24.9,LOW,Reefer(+0.0) M2(+35.0) WH_Buf(-20.0) ETA(+0.0) Ration(+9.9),100.0,145,9.35,0
ML-2E3BA967,SKU-001,cardiac,0,162,24.9,LOW,Reefer(+0.0) M2(+35.0) WH_Buf(-20.0) ETA(+0.0) Ration(+9.9),100.0,160,8.34,0
ML-AB8F3493,SKU-015,cardiac,0,162,24.9,LOW,Reefer(+0.0) M2(+35.0) WH_Buf(-20.0) ETA(+0.0) Ration(+9.9),100.0,152,9.1,0
ML-F400502B,SKU-014,antibiotic,0,158,24.9,LOW,Reefer(+0.0) M2(+35.0) WH_Buf(-20.0) ETA(+0.0) Ration(+9.9),100.0,133,8.69,0
ML-A6F42D49,SKU-003,antiviral,0,156,24.9,LOW,Reefer(+0.0) M2(+35.0) WH_Buf(-20.0) ETA(+0.0) Ration(+9.9),100.0,134,9.54,0
ML-2D244613,SKU-003,antiviral,0,145,24.9,LOW,Reefer(+0.0) M2(+35.0) WH_Buf(-20.0) ETA(+0.0) Ration(+9.9),100.0,134,10.57,0
ML-81C7E54D,SKU-014,antibiotic,0,144,24.9,LOW,Reefer(+0.0) M2(+35.0) WH_Buf(-20.0) ETA(+0.0) Ration(+9.9),100.0,133,9.59,0
ML-31CC26A5,SKU-014,antibiotic,0,494,24.8,LOW,Reefer(+0.0) M2(+35.0) WH_Buf(-20.0) ETA(+0.0) Ration(+9.8),100.0,133,11.04,0
ML-7B3D50C6,SKU-006,antibiotic,0,494,24.8,LOW,Reefer(+0.0) M2(+35.0) WH_Buf(-20.0) ETA(+0.0) Ration(+9.8),100.0,151,8.08,0
ML-57289D74,SKU-015,cardiac,0,491,24.8,LOW,Reefer(+0.0) M2(+35.0) WH_Buf(-20.0) ETA(+0.0) Ration(+9.8),100.0,152,11.37,0
ML-8CA10D8C,SKU-006,antibiotic,0,483,24.8,LOW,Reefer(+0.0) M2(+35.0) WH_Buf(-20.0) ETA(+0.0) Ration(+9.8),100.0,151,13.87,0
ML-6CD5F9B1,SKU-006,antibiotic,0,475,24.8,LOW,Reefer(+0.0) M2(+35.0) WH_Buf(-20.0) ETA(+0.0) Ration(+9.8),100.0,151,9.29,0
ML-63254055,SKU-003,antiviral,0,475,24.8,LOW,Reefer(+0.0) M2(+35.0) WH_Buf(-20.0) ETA(+0.0) Ration(+9.8),100.0,134,13.19,0
ML-22D96AD7,SKU-006,antibiotic,0,473,24.8,LOW,Reefer(+0.0) M2(+35.0) WH_Buf(-20.0) ETA(+0.0) Ration(+9.8),100.0,151,10.1,0
ML-BEE303AF,SKU-007,antiviral,0,445,24.8,LOW,Reefer(+0.0) M2(+35.0) WH_Buf(-20.0) ETA(+0.0) Ration(+9.8),100.0,145,9.17,0
ML-1099EF92,SKU-003,antiviral,0,435,24.8,LOW,Reefer(+0.0) M2(+35.0) WH_Buf(-20.0) ETA(+0.0) Ration(+9.8),100.0,134,13.77,0
ML-6EA9D1DC,SKU-007,antiviral,0,428,24.8,LOW,Reefer(+0.0) M2(+35.0) WH_Buf(-20.0) ETA(+0.0) Ration(+9.8),100.0,145,11.15,0
ML-1BB13F43,SKU-003,antiviral,0,423,24.8,LOW,Reefer(+0.0) M2(+35.0) WH_Buf(-20.0) ETA(+0.0) Ration(+9.8),100.0,134,12.01,0
ML-44A1F223,SKU-015,cardiac,0,418,24.8,LOW,Reefer(+0.0) M2(+35.0) WH_Buf(-20.0) ETA(+0.0) Ration(+9.8),100.0,152,12.38,0
ML-6A8C5D3E,SKU-003,antiviral,0,416,24.8,LOW,Reefer(+0.0) M2(+35.0) WH_Buf(-20.0) ETA(+0.0) Ration(+9.8),100.0,134,8.5,0
ML-E18FC01A,SKU-015,cardiac,0,414,24.8,LOW,Reefer(+0.0) M2(+35.0) WH_Buf(-20.0) ETA(+0.0) Ration(+9.8),100.0,152,9.13,0
ML-B9FB48B5,SKU-003,antiviral,0,411,24.8,LOW,Reefer(+0.0) M2(+35.0) WH_Buf(-20.0) ETA(+0.0) Ration(+9.8),100.0,134,9.79,0
ML-770BD80D,SKU-015,cardiac,0,407,24.8,LOW,Reefer(+0.0) M2(+35.0) WH_Buf(-20.0) ETA(+0.0) Ration(+9.8),100.0,152,7.13,0
ML-30979AA4,SKU-007,antiviral,0,407,24.8,LOW,Reefer(+0.0) M2(+35.0) WH_Buf(-20.0) ETA(+0.0) Ration(+9.8),100.0,145,12.65,0
ML-5DD38341,SKU-007,antiviral,0,402,24.8,LOW,Reefer(+0.0) M2(+35.0) WH_Buf(-20.0) ETA(+0.0) Ration(+9.8),100.0,145,8.37,0
ML-FA8C57B3,SKU-014,antibiotic,0,396,24.8,LOW,Reefer(+0.0) M2(+35.0) WH_Buf(-20.0) ETA(+0.0) Ration(+9.8),100.0,133,7.97,0
